true_knee,n_phys,delta,knee_pred,abs_delta,ratio_abs_delta_over_sum_abs,ratio_abs_delta_over_pred,strata
701.0,391.70206,1.5681306,393.2702,1.5681306,0.003987413,0.003987413,far
876.0,535.7549,71.714714,607.4696,71.714714,0.11805482,0.11805482,far
877.0,529.495,74.57141,604.0664,74.57141,0.12344903,0.12344903,far
906.0,579.17175,88.624985,667.79675,88.624985,0.13271251,0.13271251,far
518.0,562.7219,21.543907,584.2658,21.543907,0.036873467,0.036873467,near
569.0,519.34717,66.40364,585.7508,66.40364,0.113365,0.113365,mid
494.0,501.03574,18.68406,519.7198,18.68406,0.035950255,0.035950255,near
887.0,509.59088,127.40728,636.99817,127.40728,0.200012,0.200012,far
506.0,521.5097,-5.1181664,516.39154,5.1181664,0.009718753,0.009911407,near
507.0,507.3853,-10.871698,496.5136,10.871698,0.020977426,0.021896074,near
504.0,493.11914,44.65404,537.7732,44.65404,0.08303508,0.08303508,near
500.0,507.6602,2.066828,509.72702,2.066828,0.004054774,0.004054774,near
522.0,544.2611,61.91826,606.1794,61.91826,0.102145106,0.102145106,near
517.0,508.39893,2.1962438,510.59518,2.1962438,0.0043013403,0.0043013403,near
525.0,562.781,110.636246,673.41724,110.636246,0.16429079,0.16429079,mid
507.0,439.40503,-8.999823,430.4052,8.999823,0.020070752,0.020910116,near
507.0,469.50067,78.33496,547.83563,78.33496,0.1429899,0.1429899,near
421.0,472.40314,-50.108803,422.29434,50.108803,0.09589982,0.118658476,near
462.0,492.98907,-45.19822,447.79086,45.19822,0.08398232,0.100936,near
793.0,492.33026,69.99365,562.3239,69.99365,0.12447213,0.12447213,far
891.0,509.74847,70.14903,579.8975,70.14903,0.120967984,0.120967984,far
208.0,486.01962,8.556287,494.5759,8.556287,0.01730025,0.01730025,far
569.0,540.6515,2.9321837,543.5837,2.9321837,0.005394172,0.005394172,mid
431.0,446.3943,45.561882,491.95618,45.561882,0.0926137,0.0926137,near
502.0,467.36957,63.813095,531.1827,63.813095,0.12013399,0.12013399,near
505.0,520.1931,18.563375,538.7565,18.563375,0.034455966,0.034455966,near
432.0,462.0925,56.69281,518.7853,56.69281,0.109279916,0.109279916,near
629.0,469.39987,57.373352,526.7732,57.373352,0.10891472,0.10891472,mid
541.0,486.81732,37.28675,524.10406,37.28675,0.07114379,0.07114379,mid
495.0,481.5052,-50.094803,431.4104,50.094803,0.09423402,0.11611867,near
490.0,474.84265,58.40597,533.2486,58.40597,0.1095286,0.1095286,near
438.0,458.35742,30.207624,488.56503,30.207624,0.06182928,0.06182928,near
504.0,494.87073,-38.7108,456.1599,38.7108,0.072548985,0.084862344,near
485.0,487.18927,1.7944992,488.98376,1.7944992,0.0036698543,0.0036698543,near
500.0,507.21646,-32.26409,474.95236,32.26409,0.05980585,0.06793121,near
498.0,432.97748,-46.189438,386.78802,46.189438,0.0963953,0.119417965,near
500.0,453.30652,57.63291,510.93942,57.63291,0.11279794,0.11279794,near
506.0,486.82605,63.119293,549.9453,63.119293,0.114773765,0.114773765,near
246.0,324.07098,-53.359955,270.71103,53.359955,0.14137673,0.19711038,mid
248.0,262.26016,-15.726259,246.5339,15.726259,0.056572042,0.063789435,mid
245.0,270.19482,-38.774548,231.42027,38.774548,0.12549642,0.16755036,far
390.0,337.02124,-11.12407,325.89716,11.12407,0.031952377,0.034133684,near
256.0,252.78781,12.10874,264.89655,12.10874,0.045711204,0.045711204,mid
530.0,451.14923,81.33064,532.47986,81.33064,0.15273938,0.15273938,mid
309.0,376.209,-62.53909,313.66992,62.53909,0.14253984,0.19937865,mid
249.0,253.32205,7.427208,260.74927,7.427208,0.028484099,0.028484099,mid
248.0,273.45038,-12.38658,261.0638,12.38658,0.04333443,0.047446564,mid
252.0,262.1731,-12.1739025,249.99919,12.1739025,0.04437411,0.04869577,mid
244.0,292.69022,-25.653605,267.03662,25.653605,0.080584586,0.09606774,far
249.0,359.86725,-116.25793,243.60931,116.25793,0.24417512,0.47723106,mid
246.0,297.1415,-42.402493,254.73901,42.402493,0.1248807,0.16645464,mid
247.0,342.8291,-110.85818,231.97092,110.85818,0.24434932,0.47789687,mid
247.0,300.79016,-52.292805,248.49736,52.292805,0.14810345,0.21043606,mid
250.0,262.48248,21.076044,283.55853,21.076044,0.07432696,0.07432696,mid
245.0,315.91125,-41.673477,274.2378,41.673477,0.11654155,0.1519611,far
246.0,305.6527,-76.328285,229.32443,76.328285,0.19982222,0.33283976,mid
247.0,313.90808,-64.49556,249.41252,64.49556,0.17044118,0.2585899,mid
249.0,278.63437,-44.696167,233.9382,44.696167,0.13823676,0.19105972,mid
249.0,279.09222,-31.646338,247.44589,31.646338,0.10184233,0.12789194,mid
248.0,416.33386,-40.563046,375.7708,40.563046,0.08877943,0.10794624,mid
245.0,272.8119,-6.1373134,266.6746,6.1373134,0.022001546,0.023014242,far
246.0,301.07925,-24.41542,276.66382,24.41542,0.075010195,0.088249415,mid
252.0,296.39636,-41.262753,255.1336,41.262753,0.1222024,0.16172998,mid
360.0,361.14355,6.210128,367.35367,6.210128,0.016905038,0.016905038,near
246.0,323.80225,-48.11345,275.68878,48.11345,0.12936655,0.17452088,mid
246.0,318.99457,-72.736496,246.25807,72.736496,0.18567966,0.29536694,mid
249.0,250.28268,0.7493762,251.03206,0.7493762,0.0029851813,0.0029851813,mid
245.0,250.0576,19.03306,269.09067,19.03306,0.07073103,0.07073103,far
251.0,279.2745,-36.769474,242.50504,36.769474,0.1163429,0.15162355,mid
246.0,221.04071,44.25545,265.29617,44.25545,0.16681527,0.16681527,mid
361.0,409.14417,-53.195698,355.94846,53.195698,0.11505756,0.14944775,near
249.0,276.13406,-13.6443405,262.48972,13.6443405,0.047085427,0.051980477,mid
245.0,322.1419,-87.48727,234.65463,87.48727,0.21357675,0.37283418,far
249.0,266.91492,2.195615,269.11053,2.195615,0.008158785,0.008158785,mid
246.0,258.37433,4.4697566,262.8441,4.4697566,0.017005354,0.017005354,mid
259.0,218.29243,41.74897,260.0414,41.74897,0.16054739,0.16054739,mid
819.0,502.30435,38.026318,540.3307,38.026318,0.07037601,0.07037601,far
585.0,447.49567,-45.028202,402.46747,45.028202,0.09142339,0.111880355,mid
600.0,499.75006,38.195713,537.9458,38.195713,0.0710029,0.0710029,mid
441.0,554.87146,66.46396,621.33545,66.46396,0.10696953,0.10696953,near
549.0,442.43768,88.83878,531.2765,88.83878,0.16721761,0.16721761,mid
389.0,459.26868,-99.18378,360.0849,99.18378,0.17760469,0.27544552,near
426.0,486.93872,61.84281,548.78156,61.84281,0.11269113,0.11269113,near
371.0,505.07654,52.30836,557.3849,52.30836,0.09384603,0.09384603,near
102.0,472.71536,-166.0524,306.66296,166.0524,0.25995737,0.54148173,far
145.0,448.7146,-81.63768,367.0769,81.63768,0.15393104,0.2223994,far
463.0,510.15863,-22.028547,488.1301,22.028547,0.04139248,0.045128435,near
377.0,445.3534,-101.526245,343.82715,101.526245,0.18564641,0.2952828,near
143.0,442.07428,-85.65355,356.42072,85.65355,0.1623063,0.24031585,far
519.0,480.35406,-55.509167,424.8449,55.509167,0.10358831,0.13065748,near
568.0,453.8224,-114.8329,338.9895,114.8329,0.20193763,0.3387506,mid
591.0,466.89395,32.36154,499.2555,32.36154,0.064819604,0.064819604,mid
904.0,415.57867,-66.45751,349.12115,66.45751,0.1378683,0.19035658,far
660.0,487.14682,49.93029,537.0771,49.93029,0.09296671,0.09296671,far
409.0,482.38373,102.09383,584.47754,102.09383,0.17467536,0.17467536,near
391.0,460.82544,-77.10412,383.7213,77.10412,0.14333497,0.20093781,near
673.0,530.95013,-13.399185,517.55096,13.399185,0.02461505,0.025889596,far
773.0,472.90222,89.70797,562.61017,89.70797,0.1594496,0.1594496,far
348.0,410.06436,-44.412735,365.6516,44.412735,0.09772271,0.12146189,mid
734.0,450.90292,45.167263,496.0702,45.167263,0.09105015,0.09105015,far
753.0,499.63354,67.48814,567.1217,67.48814,0.11900115,0.11900115,far
112.0,501.299,-38.60902,462.69,38.60902,0.07151037,0.083444685,far
352.0,482.0581,48.27467,530.33276,48.27467,0.09102713,0.09102713,mid
133.0,419.50726,-66.93179,352.57547,66.93179,0.13759543,0.18983679,far
863.0,484.57977,72.31357,556.8933,72.31357,0.12985174,0.12985174,far
598.0,456.72357,132.76161,589.48517,132.76161,0.22521621,0.22521621,mid
1681.0,516.7224,43.09341,559.8158,43.09341,0.07697784,0.07697784,far
938.0,461.1573,114.11578,575.2731,114.11578,0.19836803,0.19836803,far
237.0,432.85748,-2.4389727,430.41852,2.4389727,0.0056030154,0.0056665144,far
621.0,427.6875,119.77776,547.4653,119.77776,0.21878605,0.21878605,mid
1341.0,507.5349,119.59345,627.12836,119.59345,0.19070011,0.19070011,far
706.0,528.8658,73.76258,602.62836,73.76258,0.122401446,0.122401446,far
636.0,518.78156,-71.88981,446.89175,71.88981,0.12170864,0.16086626,mid
