n_early,seed,n_train,n_test,K_inner,alpha,PICP,MPIW,MAE,y_true,y_pred,lower,upper,fold
50,0,93,24,10,0.05,0.9583,1048.8,122.92,256|518|247|245|504|426|361|63|500|500|246|432|591|753|462|701|245|237|246|773|249|463|706|522,193.27|626.85|160.85|263.35|572.21|444.64|280.32|640.29|512.65|542.23|289.86|492.54|536.81|465.16|540.85|334.95|334.26|393.61|251.10|382.38|293.29|494.76|525.68|607.04,-318.60|107.14|-342.73|-267.52|39.83|-76.57|-237.87|141.24|9.28|4.33|-221.43|-20.25|-16.01|-81.92|5.78|-178.36|-186.96|-127.95|-263.41|-135.29|-222.44|-20.02|-12.06|105.25,720.96|1147.61|707.64|777.88|1079.42|965.69|801.72|1226.12|1061.31|1044.54|812.11|1009.08|1084.11|960.07|1121.18|883.30|868.58|936.13|769.32|904.30|817.15|1006.77|1014.73|1134.52,0
50,0,93,24,10,0.05,0.9167,1103.3,137.1,507|245|438|502|245|569|938|360|600|490|249|249|507|485|1681|246|541|530|549|569|389|246|92|498,528.77|308.21|432.73|491.33|304.97|558.10|328.55|273.10|433.22|442.16|222.53|222.09|460.33|513.92|473.87|255.06|473.72|266.22|301.05|514.06|360.32|353.67|91.41|406.39,-35.33|-239.29|-130.16|-76.14|-246.36|-1.07|-273.74|-276.58|-112.67|-118.32|-312.62|-334.50|-12.56|-49.68|-94.67|-295.74|-79.82|-368.54|-251.94|-3.44|-204.93|-183.01|-440.81|-180.10,1079.02|838.97|937.45|1001.53|839.41|1080.61|877.02|815.65|963.63|949.29|780.47|786.04|1032.12|1078.68|1026.07|803.03|992.39|893.66|849.69|1071.67|878.23|892.80|735.87|954.38,1
50,0,94,23,10,0.05,1.0,1119.3,121.22,507|252|500|250|887|390|251|259|629|793|568|409|505|506|904|252|517|133|906|421|71|377|494,505.01|241.01|488.81|221.11|571.55|249.27|255.84|204.02|438.44|488.59|457.64|477.05|524.53|577.42|445.56|255.13|416.43|374.05|507.12|418.13|260.36|423.33|507.96,-77.60|-328.99|-70.95|-329.23|-26.38|-301.54|-294.67|-438.30|-142.38|-86.35|-107.29|-104.21|-33.06|48.47|-85.28|-313.33|-92.64|-110.57|0.05|-89.91|-329.28|-149.46|-94.03,1069.51|822.94|1065.92|796.72|1085.23|825.43|843.53|700.21|991.54|1058.86|1002.69|1028.86|1099.35|1184.07|1038.39|812.22|954.29|939.18|1066.66|972.34|792.28|1002.47|1033.88,2
50,0,94,23,10,0.05,0.913,936.0,193.9,145|673|1341|247|244|819|309|441|248|621|585|143|248|247|248|863|246|249|504|598|249|246|660,452.46|497.94|437.70|292.39|311.22|477.09|119.24|550.09|262.65|282.17|395.25|463.99|268.83|206.17|262.79|381.94|286.71|233.43|526.66|56.82|258.50|251.75|396.65,-29.25|31.90|-44.65|-165.73|-152.74|12.67|-342.64|96.07|-195.52|-191.09|-90.20|2.30|-197.06|-259.26|-197.41|-98.17|-179.91|-222.06|55.67|-414.46|-201.64|-217.01|-93.20,917.69|942.45|900.41|763.58|778.18|921.46|646.28|1002.67|725.11|782.45|864.87|924.70|731.94|674.80|723.22|875.37|740.73|698.57|976.30|545.19|718.99|703.62|875.44,3
50,0,94,23,10,0.05,1.0,983.7,170.49,506|495|734|876|246|208|877|431|391|102|112|245|371|70|636|891|249|246|352|525|519|249|348,521.36|513.83|497.20|512.89|300.89|515.00|536.91|502.39|516.01|505.65|573.20|302.62|513.44|468.76|536.19|526.51|268.93|212.57|553.97|523.00|543.35|295.56|480.69,56.30|40.26|36.16|-19.23|-166.81|46.76|4.17|35.97|42.84|13.90|99.49|-186.41|50.40|-48.81|53.57|51.67|-199.56|-269.61|74.18|-1.57|71.05|-189.74|12.32,1011.99|1008.07|1017.62|981.08|808.06|1002.61|999.02|991.65|1045.16|1027.19|1103.30|769.27|1036.64|1021.83|1040.48|1007.35|756.12|686.07|1103.52|994.03|1066.64|765.95|989.46,4
100,0,90,23,10,0.05,1.0,989.0,106.74,256|518|247|245|504|426|361|500|500|246|432|591|753|462|701|245|237|246|773|249|463|706|522,481.69|619.49|261.23|245.53|551.54|518.07|303.02|595.77|528.57|244.72|509.85|471.97|552.23|528.05|247.95|290.77|448.22|266.03|512.12|211.71|514.42|603.91|666.32,-33.13|167.83|-203.08|-212.72|-5.93|59.91|-237.00|15.87|-4.54|-206.82|25.09|-46.30|68.19|-11.45|-227.08|-210.79|-36.71|-221.79|63.72|-252.06|26.85|99.14|197.33,1176.08|1140.34|757.37|766.93|1011.91|1020.36|774.45|1051.79|987.44|761.68|985.54|920.63|1028.64|1024.47|763.44|755.34|957.68|738.66|1024.16|708.39|987.30|1061.16|1157.78,0
100,0,90,23,10,0.05,0.913,1024.2,124.1,507|245|438|502|245|569|938|360|600|490|249|249|507|485|1681|246|541|530|549|569|389|246|498,455.00|318.36|414.09|462.38|268.91|528.34|416.67|363.17|431.67|477.33|235.51|224.92|444.74|526.95|533.92|231.35|443.54|431.85|403.43|548.55|303.50|348.65|455.92,-63.97|-190.72|-90.79|-59.86|-230.51|38.45|-92.04|-191.83|-50.57|-58.46|-279.59|-269.45|-138.29|7.20|46.87|-296.65|-68.50|-122.04|-112.23|38.58|-164.19|-150.04|-128.10,920.97|785.42|909.21|961.90|745.63|1017.41|929.16|860.02|945.40|1002.07|720.65|728.73|977.16|1027.72|1024.79|729.30|1017.22|1029.71|885.89|1084.30|862.38|826.10|937.70,1
100,0,91,22,10,0.05,1.0,1003.3,120.41,507|252|500|250|887|390|251|259|629|793|568|409|505|506|904|252|517|133|906|421|377|494,486.44|254.27|517.05|290.70|550.37|300.38|252.74|165.45|483.90|501.79|271.33|532.10|537.80|508.76|503.42|246.41|479.85|453.72|613.52|390.61|326.73|475.99,-20.90|-243.92|2.04|-198.67|73.71|-203.35|-250.09|-332.87|-17.83|29.55|-228.37|39.66|62.97|-20.52|3.60|-294.28|-22.39|-50.08|100.99|-165.48|-148.39|-1.32,976.95|753.93|999.90|804.83|1071.56|794.51|747.76|651.81|980.02|1027.40|791.33|1037.52|1060.83|967.45|1001.46|703.58|975.46|947.77|1098.84|947.11|849.46|996.53,2
100,0,90,23,10,0.05,0.9565,900.8,166.05,145|673|1341|247|244|819|309|441|248|621|585|143|248|247|248|863|246|249|504|598|249|246|660,414.04|534.45|569.87|247.13|338.64|477.17|347.85|621.45|445.74|492.25|342.76|453.45|172.11|256.52|259.18|414.65|311.64|245.39|515.21|408.66|184.54|289.77|477.51,-58.23|98.38|109.34|-163.67|-165.92|29.35|-124.64|85.30|-21.33|13.67|-142.79|29.98|-252.42|-151.62|-153.75|-62.82|-158.56|-187.13|68.40|-115.07|-282.65|-134.68|-13.74,873.88|965.53|959.04|712.21|759.34|932.55|820.56|1028.87|847.93|945.78|801.56|871.73|705.95|697.76|686.04|869.29|731.19|662.36|959.33|862.37|649.46|712.78|908.76,3
100,0,91,22,10,0.05,1.0,978.0,155.86,506|495|734|876|246|208|877|431|391|102|112|245|371|636|891|249|246|352|525|519|249|348,506.00|532.06|492.81|593.75|251.24|534.67|603.00|474.50|541.38|556.81|519.03|288.76|580.89|585.00|556.25|207.67|201.57|547.65|651.47|492.05|314.14|415.40,13.28|44.42|-8.42|96.78|-227.91|50.34|106.17|-38.04|23.50|46.51|16.40|-184.13|75.49|103.64|40.66|-280.50|-312.58|13.37|152.83|-4.12|-144.11|-92.20,989.52|1020.67|982.21|1073.02|748.33|1026.58|1082.41|938.20|999.74|1022.75|992.64|792.11|1051.73|1079.88|1016.90|695.74|663.67|1013.23|1129.07|972.12|832.13|884.04,4
150,0,85,23,10,0.05,1.0,706.1,99.39,256|518|247|245|504|426|361|500|500|246|432|591|753|462|701|245|237|246|773|249|463|706|522,248.57|636.64|336.49|238.08|585.61|578.09|293.38|590.19|565.54|224.79|500.52|635.23|590.69|490.89|344.53|320.35|552.29|288.94|564.07|256.66|597.10|634.02|590.62,-116.46|275.01|-17.27|-116.91|212.90|210.10|-59.12|188.05|195.46|-134.94|131.69|263.09|213.86|151.44|-21.90|-25.32|185.43|-70.71|211.86|-103.31|223.21|256.48|262.76,583.52|974.99|682.71|583.07|915.30|911.30|641.46|946.98|895.44|565.04|831.67|980.62|913.84|851.42|721.56|674.66|895.49|636.76|911.84|596.66|923.19|956.46|962.73,0
150,0,85,23,10,0.05,0.913,678.8,113.56,507|245|438|502|245|569|938|360|600|490|249|249|507|485|1681|246|541|530|549|569|389|246|498,525.68|267.11|462.70|488.88|266.29|577.19|496.20|319.52|581.05|478.22|210.85|230.83|612.51|527.48|602.12|242.90|460.55|376.22|384.35|572.73|527.76|338.88|568.18,181.10|-69.05|118.01|141.92|-74.11|246.08|160.46|-71.44|241.64|132.48|-120.15|-101.60|294.42|180.74|251.44|-95.03|106.73|38.76|38.12|249.27|160.34|-22.38|223.75,846.05|598.24|793.21|823.14|590.26|909.93|842.62|656.46|923.80|812.25|552.09|571.28|966.66|852.98|933.60|575.81|790.39|743.76|721.77|916.78|844.00|654.60|903.76,1
150,0,87,21,10,0.05,1.0,751.3,105.22,507|252|500|250|887|390|251|259|629|793|568|409|505|506|904|252|517|906|421|377|494,464.70|283.41|522.84|211.55|557.77|290.69|301.87|226.53|448.32|489.87|526.78|514.57|563.62|550.33|557.67|258.82|525.62|617.13|435.82|526.34|508.38,74.89|-83.78|160.82|-161.07|176.83|-70.14|-66.46|-155.14|50.36|100.89|141.76|118.19|197.27|175.92|194.51|-119.50|167.99|247.21|52.03|152.25|111.94,814.85|656.17|900.78|578.88|933.77|669.82|673.50|632.22|802.05|840.85|907.08|903.20|937.22|915.88|938.61|620.46|907.95|987.17|835.41|899.88|887.95,2
150,0,87,21,10,0.05,0.9524,770.4,125.25,673|1341|247|244|819|309|441|248|621|585|248|247|248|863|246|249|504|598|249|246|660,563.65|563.09|239.45|350.12|559.18|471.83|615.62|381.38|489.64|554.63|201.95|279.20|249.92|591.40|330.83|218.27|524.40|482.00|259.99|263.45|555.32,169.62|169.12|-144.50|-128.22|169.42|118.45|228.25|-23.36|105.93|182.30|-143.90|-120.52|-132.35|218.57|-48.89|-161.43|149.94|96.81|-126.71|-122.17|180.73,941.45|940.95|627.33|916.62|928.94|856.84|978.37|767.11|887.28|918.65|581.37|635.06|627.78|977.34|704.02|601.64|895.28|847.60|628.46|624.61|929.44,3
150,0,88,20,10,0.05,1.0,747.2,137.71,506|495|734|876|246|208|877|431|391|245|371|636|891|249|246|352|525|519|249|348,561.35|522.50|541.13|588.00|230.21|536.19|588.83|498.19|536.65|308.67|607.82|591.15|573.47|207.26|173.92|645.24|594.94|599.60|330.81|391.16,201.17|123.59|149.86|192.94|-127.51|137.10|193.99|146.57|126.23|-75.16|214.21|189.98|198.37|-168.42|-202.19|275.26|212.29|226.73|-30.13|-5.41,954.28|874.70|898.73|935.80|603.72|884.21|937.66|874.14|891.00|667.70|959.84|934.00|941.23|574.44|540.67|1020.70|955.82|969.59|712.73|792.68,4
