cell_name,knee_cycle,cap_end,cap_max,cap_mean,cap_mid,cap_min,cap_range,cap_start,cap_std,dQ_kurtosis,dQ_mean,dQ_min,dQ_skewness,dQ_std,drop_ratio,exp_a,exp_b,exp_c,linear_intercept,linear_r2,linear_slope,log_var_dQ,quad_a,quad_b,total_drop
SEV_batch1_c000,701,1.0757886,1.0770824,1.0759164,1.0767009,1.0706892,0.0063932,1.0706892,0.0011876057,5.8728023,5.150909e-05,-0.0034355,0.31721532,0.0008781572,-0.15175408,0.0004607079,4.2377408e-13,1.0754557,1.0751245,0.14527524,1.568124e-05,-6.1128554,-1.0479854e-06,0.000121527766,-0.0050994
SEV_batch1_c003,876,1.0846678,1.086253,1.0849462,1.0858119,1.0797229,0.0065301,1.0797229,0.0010856892,35.02021,4.9948485e-05,-0.0039966,-2.830469,0.0005408571,-0.1878962,0.003020509,2.606575e-13,1.0819256,1.0841149,0.19153169,1.6460315e-05,-6.533835,-1.020545e-06,0.00011953537,-0.0049449
SEV_batch1_c004,877,1.0825965,1.0843166,1.082841,1.0835887,1.0780181,0.0062985,1.0784167,0.0010843017,35.814953,4.2220203e-05,-0.0036754,-2.7135642,0.0004989009,-0.19184068,0.008751981,5.5872512e-14,1.074089,1.0819178,0.23691246,1.828338e-05,-6.6039715,-1.0200312e-06,0.000121306526,-0.0041798
SEV_batch1_c005,906,1.0796983,1.0820704,1.0803212,1.0809798,1.075169,0.0069014,1.0761266,0.001038837,46.059666,3.6077778e-05,-0.0053311,-4.7286897,0.000654896,-0.2640526,3.6372537e-11,3.2748908e-06,1.0803212,1.0797899,0.08546843,1.0521136e-05,-6.3676553,-9.941629e-07,0.000110931585,-0.0035717
SEV_batch1_c006,518,1.0791765,1.082139,1.0808945,1.0817475,1.0758358,0.0063032,1.0758358,0.0011528359,39.58814,3.3744443e-05,-0.0038166,-4.461223,0.00048240338,-0.43490028,0.6019226,0.00093610043,0.47925347,1.0811821,0.020346219,-5.6966783e-06,-6.633179,-1.2418177e-06,0.00011972691,-0.0033407
SEV_batch1_c007,569,1.0957599,1.0979686,1.0969148,1.097564,1.0938644,0.0041042,1.0938644,0.000816103,18.135824,1.9146464e-05,-0.0036286,-1.9017608,0.0006000811,-0.48764732,0.6251709,0.0010972128,0.4720867,1.0972648,0.060087215,-6.9302414e-06,-6.44358,-7.1864986e-07,6.5653396e-05,-0.0018955
SEV_batch1_c008,494,1.0941944,1.0959139,1.0947661,1.0954081,1.0899748,0.0059391,1.0899748,0.000865945,19.520973,4.262222e-05,-0.000609,3.3116274,0.00019520326,-0.22338174,7.567147e-11,1.4311839e-05,1.0947661,1.0945175,0.026951883,4.924898e-06,-7.419026,-9.256183e-07,9.841235e-05,-0.0042196
SEV_batch1_c009,887,1.0876603,1.0889499,1.0876994,1.0884784,1.0829742,0.0059757,1.0829742,0.00096738903,6.1300464,4.7334343e-05,-0.0005795,1.3147883,0.00015935587,-0.14863196,0.009296872,4.104671e-14,1.0784026,1.0868087,0.27706292,1.7640168e-05,-7.595264,-9.122055e-07,0.000109772925,-0.0046861
SEV_batch1_c010,506,1.0815996,1.0849713,1.0817035,1.0825725,1.0752757,0.0096956,1.0752757,0.0015633834,44.598732,6.387778e-05,-0.0091423,-3.9330676,0.0011453364,-0.13333242,0.018735277,6.9875106e-15,1.0629683,1.0804675,0.20427021,2.447825e-05,-5.882134,-1.3796015e-06,0.000163818,-0.0063239
SEV_batch1_c011,507,1.0599171,1.063239,1.0600822,1.0608104,1.0537786,0.0094604,1.0537786,0.0014199737,43.50683,6.200505e-05,-0.0085665,-3.799484,0.0010813394,-0.12703718,0.011813805,2.5168244e-14,1.0482684,1.0590186,0.18333076,2.1062518e-05,-5.932076,-1.269679e-06,0.0001493001,-0.0061385
SEV_batch1_c012,504,1.0818927,1.0833936,1.0821526,1.0828047,1.077566,0.0058276,1.077566,0.0008593358,16.721214,4.370404e-05,-0.0004144,3.210717,0.00016639044,-0.174089,1.4072898e-11,1.0613687e-06,1.0821526,1.0815444,0.16367017,1.2043703e-05,-7.557743,-8.7406056e-07,0.00010032382,-0.0043267
SEV_batch1_c013,500,1.0836203,1.0857729,1.0842667,1.0851662,1.0797893,0.0059836,1.0797893,0.0008204043,17.00649,3.869697e-05,-0.0007202,2.6961908,0.00019933547,-0.28750768,4.8356992e-11,1.1403053e-05,1.0842667,1.0840678,0.01920214,3.938357e-06,-7.4008307,-8.790648e-07,9.27239e-05,-0.003831
SEV_batch1_c014,522,1.0761763,1.0778438,1.0761037,1.0767028,1.0708272,0.0070166,1.0709661,0.0012146928,46.389854,5.2628282e-05,-0.0047608,-4.7626247,0.0005854262,-0.0917775,0.02769934,3.274022e-16,1.0484043,1.074816,0.36717343,2.5498488e-05,-6.4650555,-1.0048234e-06,0.00012698564,-0.0052102
SEV_batch1_c015,517,1.0676749,1.0693387,1.0676571,1.0685061,1.0611236,0.0082151,1.0611236,0.0013867223,43.16322,6.617475e-05,-0.0051002,-4.3262587,0.0006409587,-0.11259059,0.028143153,3.2482292e-16,1.039514,1.0662332,0.34451535,2.819721e-05,-6.3863397,-1.1920006e-06,0.00014858927,-0.0065513
SEV_batch1_c016,525,1.086248,1.0885919,1.0864674,1.0871048,1.0811664,0.0074255,1.0811664,0.0011913936,44.001015,5.1329294e-05,-0.0044643,-5.098982,0.00055104384,-0.14428128,0.019146854,4.3021655e-15,1.0673205,1.0853392,0.2929945,2.2340728e-05,-6.5176277,-1.0370447e-06,0.00012708225,-0.0050816
SEV_batch1_c017,507,1.0769713,1.0792258,1.0771049,1.0779532,1.072052,0.0071738,1.072052,0.0010436102,12.39098,4.9689897e-05,-0.0012291,0.712453,0.00028266147,-0.16638988,0.006041129,9.561919e-14,1.0710638,1.0762326,0.22830983,1.7274797e-05,-7.097467,-1.0190001e-06,0.000120193814,-0.0049193
SEV_batch1_c019,507,1.0870329,1.0893054,1.0883551,1.0887195,1.0851147,0.0041907,1.0851147,0.00077553437,8.466687,1.9375757e-05,-0.0012826,0.83539313,0.00035036213,-0.46787617,0.7740768,0.0013866605,0.31481472,1.0889026,0.16284123,-1.0841655e-05,-6.910966,-7.4372844e-07,6.4274915e-05,-0.0019182
SEV_batch1_c020,421,1.0610521,1.0757242,1.0697532,1.0707365,1.0610521,0.0146721,1.07263,0.004233656,46.357124,-0.00011694848,-0.0073626,-3.1802113,0.0009166667,5.1145496,1.0626688,0.013197858,0.014065975,1.0768659,0.9222119,-0.0001408456,-6.0755773,-1.2373689e-06,-1.5871334e-05,0.0115779
SEV_batch1_c021,462,1.0766116,1.0859262,1.0821704,1.0832673,1.0766116,0.0093146,1.0824388,0.002647142,48.15614,-5.8860605e-05,-0.0074702,-3.872821,0.00091476145,-8.033435,1.0862658,0.0075594606,4.827466e-10,1.0863463,0.8130834,-8.2690785e-05,-6.0773845,-1.1427667e-06,3.2728647e-05,0.0058272
SEV_batch1_c022,793,1.0820323,1.0843072,1.0829704,1.0842165,1.0793039,0.0050033,1.0793039,0.00074228126,8.399932,2.7559596e-05,-0.0012466,0.18620831,0.0003357983,-0.44461182,0.6312365,0.0011161638,0.452086,1.0833298,0.07662314,-7.118046e-06,-6.947843,-6.949806e-07,6.307499e-05,-0.0027284
SEV_batch1_c023,891,1.0816643,1.0837864,1.0824531,1.0836648,1.0792934,0.004493,1.0792934,0.00063981046,8.888396,2.3948485e-05,-0.0012773,-0.005941484,0.00032988956,-0.45763373,0.5653312,0.0012639429,0.517479,1.0828176,0.10604217,-7.217769e-06,-6.963263,-5.5091823e-07,4.8424972e-05,-0.0023709
SEV_batch1_c024,208,1.0776454,1.079075,1.0780293,1.0788484,1.0745355,0.0045395,1.0745355,0.0007110581,3.6385398,3.1413132e-05,-0.0013753,-0.14346632,0.00045758142,-0.27893066,3.349965e-08,1.079871e-05,1.0780293,1.0779418,0.004953874,1.7337636e-06,-6.6790633,-7.03968e-07,7.283453e-05,-0.0031099
SEV_batch1_c025,569,1.0779946,1.0799131,1.0788393,1.079664,1.0752345,0.0046786,1.0752345,0.00072871975,17.63619,2.7879798e-05,-0.0012473,0.7716384,0.0002345673,-0.37688228,0.08984726,1.0202755e-05,0.9889926,1.0788398,1.3303853e-07,-9.207921e-09,-7.259465,-8.093793e-07,8.17381e-05,-0.0027601
SEV_batch1_c026,431,1.0894133,1.0915462,1.0905627,1.0912036,1.0870471,0.0044991,1.0876514,0.00086547225,6.2064013,1.779697e-05,-0.0024928,-0.19970433,0.0005771754,-0.50399756,0.8542108,0.0017910546,0.23711638,1.0913428,0.26548123,-1.544836e-05,-6.4773846,-6.8764035e-07,5.4003314e-05,-0.0017619
SEV_batch1_c027,502,1.0810125,1.0829995,1.0820258,1.0826724,1.0790461,0.0039534,1.0790461,0.0007539461,4.749916,1.9862626e-05,-0.0012744,0.01282287,0.00041555648,-0.4577393,0.73280394,0.0014926948,0.3497685,1.0825837,0.17889778,-1.1047274e-05,-6.7627397,-6.4671093e-07,5.4270527e-05,-0.0019664
SEV_batch1_c029,505,1.0818329,1.0838029,1.0827733,1.0836052,1.0794537,0.0043492,1.0794537,0.00064608385,23.247831,2.4032322e-05,-0.0006384,3.3753161,0.00017324105,-0.42690596,0.5273346,0.0010551696,0.5557168,1.0830573,0.06309712,-5.622196e-06,-7.5226984,-6.5992856e-07,6.1030587e-05,-0.0023792
SEV_batch1_c030,432,1.0813658,1.0838182,1.0828091,1.0834047,1.0798637,0.0039545,1.0798637,0.0008306752,7.946015,1.5172727e-05,-0.001219,0.35792348,0.00034580077,-0.5757978,0.87790745,0.0018894922,0.20573059,1.0836549,0.3387234,-1.6748123e-05,-6.922348,-6.599561e-07,4.990744e-05,-0.0015021
SEV_batch1_c031,629,1.0953295,1.0983334,1.097051,1.0975264,1.0946392,0.0036942,1.0946392,0.0009875272,6.0299273,6.972727e-06,-0.0013121,0.13522647,0.00039656562,-0.7609103,0.95326585,0.0027503169,0.14509487,1.098387,0.5980265,-2.6455846e-05,-6.80337,-5.167434e-07,2.573524e-05,-0.0006903
SEV_batch1_c034,541,1.0794086,1.0814824,1.0800633,1.0812155,1.0766174,0.004865,1.0766174,0.0007229787,3.5815,2.819394e-05,-0.0012524,-0.034125008,0.00045758544,-0.39296666,0.094441265,0.00072696235,0.98565644,1.0800985,0.0007734953,-6.9657307e-07,-6.6790557,-6.814035e-07,6.8125184e-05,-0.0027912
SEV_batch1_c035,495,1.0739355,1.0758256,1.074502,1.0756419,1.0707464,0.0050792,1.0707464,0.0006979774,5.641525,3.221313e-05,-0.0012405,0.14817329,0.0003936201,-0.348565,2.7348708e-11,8.115284e-06,1.074502,1.0743625,0.013033762,2.7605051e-06,-6.8098454,-6.930218e-07,7.2755705e-05,-0.0031891
SEV_batch1_c036,490,1.0801983,1.0823593,1.0812658,1.0822545,1.0778315,0.0045278,1.0778315,0.0007114378,5.9255104,2.390707e-05,-0.0012491,0.20786726,0.0003879027,-0.4648881,0.6406778,0.0011758606,0.44096452,1.0816501,0.09534497,-7.6102365e-06,-6.8225546,-6.4951405e-07,5.799068e-05,-0.0023668
SEV_batch1_c037,438,1.0767663,1.0792918,1.0780174,1.0791242,1.0748194,0.0044724,1.0748194,0.0007633655,6.0308056,1.9665657e-05,-0.0012496,0.19241264,0.0003845,-0.5477374,0.7408812,0.0013555579,0.3376381,1.0785297,0.1471435,-1.0144144e-05,-6.8302073,-7.1326826e-07,6.189595e-05,-0.0019469
SEV_batch1_c039,504,1.084751,1.0864667,1.08565,1.0861306,1.0817773,0.0046894,1.0817773,0.0006962796,30.12257,3.0037374e-05,-0.000449,4.664307,0.00018778983,-0.31690902,0.41445023,0.0008917835,0.6713844,1.0858386,0.023989875,-3.736027e-06,-7.452656,-7.281915e-07,6.9811314e-05,-0.0029737
SEV_batch1_c040,485,1.0857539,1.0878062,1.0869182,1.0877703,1.0833029,0.0045033,1.0833029,0.0007324824,23.824858,2.4757575e-05,-0.0004383,4.245026,0.00018731596,-0.45135874,0.5788867,0.0014808294,0.5084599,1.0873555,0.116465725,-8.659815e-06,-7.45485,-7.330682e-07,6.538007e-05,-0.002451
SEV_batch1_c042,500,1.083203,1.084832,1.0838823,1.0846211,1.0798725,0.0049595,1.0798725,0.0006367936,30.761423,3.3641416e-05,-0.0005016,4.70425,0.00019510434,-0.2986354,2.7654414e-08,9.966182e-06,1.0838823,1.0837994,0.005548176,1.643184e-06,-7.419466,-6.590634e-07,6.820859e-05,-0.0033305
SEV_batch1_c043,498,1.0687802,1.071671,1.0705048,1.0712458,1.0682389,0.0034321,1.0682389,0.0008996516,23.081352,5.4676766e-06,-0.000528,3.858692,0.00016931273,-0.81998074,0.9464101,0.0025479856,0.12529933,1.0717337,0.60972977,-2.4336347e-05,-7.5426207,-5.4656266e-07,3.086648e-05,-0.0005413
SEV_batch1_c044,500,1.084736,1.0883306,1.086821,1.0874091,1.0847102,0.0036204,1.0847682,0.001140493,24.917322,-3.2525253e-07,-0.0006518,3.7976787,0.00018762743,-1.0121928,1.0231744,0.003281245,0.06532338,1.0885314,0.734805,-3.3868113e-05,-7.4534073,-5.300682e-07,1.9668772e-05,3.22e-05
SEV_batch1_c045,506,1.085796,1.0884383,1.0871458,1.088024,1.0839558,0.0044825,1.0839558,0.0007734844,22.441637,1.8587878e-05,-0.0007681,3.0874481,0.00019242775,-0.5476624,0.8359582,0.0015809359,0.25184807,1.0878198,0.24807976,-1.334626e-05,-7.4314647,-6.9111695e-07,5.6456553e-05,-0.0018402
SEV_batch2_c002,246,1.0759984,1.0799674,1.0779556,1.0784789,1.0708591,0.0091083,1.0708591,0.0013487345,1.8246709,5.191212e-05,-0.0014122,0.42612,0.0006570646,-0.32553348,0.761758,0.0010588339,0.3166007,1.0783674,0.030449014,-8.15315e-06,-6.364784,-1.4423227e-06,0.00013752145,-0.0051393
SEV_batch2_c003,248,1.046734,1.0689098,1.0609537,1.0622822,1.046734,0.0221758,1.0638535,0.0066639245,10.743103,-0.00017292424,-0.0011639,1.9240639,0.0005327326,9.895118,1.0719824,0.020719264,2.7141944e-10,1.0721829,0.9277489,-0.00022236051,-6.5469813,-2.2696681e-06,6.8759787e-06,0.0171195
SEV_batch2_c004,245,1.0650914,1.0756472,1.0718597,1.0727541,1.0650914,0.0105558,1.0692153,0.0031904106,53.684162,-4.1655556e-05,-0.0004245,6.7515664,0.000431973,-2.1653385,1.0769118,0.009412299,3.434379e-11,1.0770103,0.851567,-0.00010199252,-6.729087,-1.3674398e-06,3.611891e-05,0.0041239
SEV_batch2_c005,390,1.070745,1.0730206,1.0718963,1.0728087,1.0641999,0.0088207,1.0641999,0.0011267681,53.592266,6.611212e-05,-0.0002542,6.672244,0.00043428637,-0.23971982,3.6709514e-11,1.0731137e-05,1.0718963,1.0717188,0.008106123,3.5144183e-06,-6.7244477,-1.1607327e-06,0.000120748424,-0.0065451
SEV_batch2_c006,256,1.0521992,1.0725312,1.0647291,1.0658135,1.0521992,0.020332,1.0651802,0.00626009,36.587708,-0.00013112121,-0.0006231,5.33159,0.00047190438,-21.497398,1.0750593,0.01934257,3.7741557e-09,1.0752476,0.92245513,-0.00020828862,-6.652292,-2.0038908e-06,-5.8956575e-06,0.012981
SEV_batch2_c007,530,1.0105121,1.024101,1.0173491,1.0174761,1.0066875,0.0174135,1.0219246,0.0042151883,4.75589,-0.00011527778,-0.0069535,0.6759975,0.0018081896,1.5654715,0.99768525,0.0138413515,0.026536679,1.024345,0.90001523,-0.00013853333,-5.4855123,-6.162332e-08,-0.00013230937,0.0114125
SEV_batch2_c009,309,1.0348208,1.0364138,1.035067,1.0361617,1.0295508,0.006863,1.0295508,0.00094005297,0.47146696,5.3232325e-05,-0.0011144,0.35819906,0.00059814495,-0.20283169,0.47155875,0.0011087725,0.5637695,1.0353338,0.0263237,-5.2837e-06,-6.4463873,-7.099874e-07,6.6425026e-05,-0.00527
SEV_batch2_c010,249,1.0670482,1.0739418,1.0714675,1.0724287,1.065103,0.0088387,1.065103,0.002127729,53.5974,1.9647474e-05,-0.000282,6.8540916,0.0004569089,-0.73447907,1.0597018,0.005091316,0.0144588435,1.0742154,0.54492456,-5.4412267e-05,-6.680341,-1.5496912e-06,0.00010210655,-0.0019451
SEV_batch2_c011,248,1.0705185,1.0759286,1.0741489,1.0749862,1.0680432,0.0078854,1.0680432,0.0016366144,45.0651,2.500303e-05,-0.0004385,5.94625,0.0004399613,-0.6434826,1.0620182,0.0034111338,0.013940108,1.0759953,0.41585836,-3.6562127e-05,-6.713171,-1.3841375e-06,0.00010323576,-0.0024753
SEV_batch2_c012,252,1.0600308,1.0742466,1.0689399,1.0699935,1.0600308,0.0142158,1.0676208,0.0043515824,39.47635,-7.666666e-05,-0.001563,5.1553197,0.00046900706,-4.1988873,1.0754724,0.0132216625,0.00054602115,1.0761527,0.8976143,-0.00014282507,-6.6576414,-1.553416e-06,1.4069954e-05,0.00759
SEV_batch2_c013,244,1.0716245,1.0832168,1.0789442,1.079904,1.0716245,0.0115923,1.076097,0.0035889768,60.814144,-4.5176766e-05,-0.000341,7.3746347,0.00047637217,-2.1748097,1.084686,0.010624874,3.8922858e-17,1.0847969,0.86888814,-0.00011589506,-6.6441073,-1.4033635e-06,2.5844654e-05,0.0044725
SEV_batch2_c014,249,1.0809475,1.0828831,1.081991,1.0826604,1.0742625,0.0086206,1.0742625,0.001100724,44.1955,6.752525e-05,-0.0012444,5.7538695,0.00045703785,-0.20396766,6.4494204e-10,1.3580389e-07,1.081991,1.0819514,0.00042400975,7.8519713e-07,-6.6800957,-1.0831018e-06,0.00011017847,-0.006685
SEV_batch2_c018,246,1.0588086,1.0676094,1.0640923,1.0643704,1.0587758,0.0088336,1.0610169,0.0025532413,1.2616842,-2.2306062e-05,-0.0018887,0.268783,0.00073187635,-1.658506,1.0646597,0.0072073573,0.0032600083,1.0679957,0.7636497,-7.729498e-05,-6.2711244,-1.3353605e-06,5.7576428e-05,0.0022083
SEV_batch2_c019,247,1.0328457,1.0496798,1.0422057,1.0425131,1.0328457,0.0168341,1.0454259,0.0051248167,12.272877,-0.00012707272,-0.0009918,2.1684136,0.00044950767,3.318937,1.0491378,0.016655779,0.0017564263,1.0510502,0.97314864,-0.00017513795,-6.6945257,-8.174086e-07,-9.257968e-05,0.0125802
SEV_batch2_c020,247,1.0862604,1.0894939,1.087863,1.0887312,1.0786781,0.0108158,1.0786781,0.0014047619,39.910362,7.658889e-05,-0.0005401,5.486166,0.0005416843,-0.24577494,0.09423675,0.0006258765,0.9936557,1.0878934,0.00015291384,-6.01781e-07,-6.5325074,-1.4713318e-06,0.00014800273,-0.0075823
SEV_batch2_c021,250,1.0766457,1.082017,1.0798142,1.0808204,1.0718927,0.0101242,1.0718927,0.0018017628,44.847923,4.80101e-05,-0.0005208,5.875215,0.00059710274,-0.46761206,1.069436,0.0035130417,0.012254458,1.0817289,0.3689966,-3.791588e-05,-6.4479017,-1.4079856e-06,0.00010429066,-0.004753
SEV_batch2_c022,245,1.0825431,1.0853698,1.0841188,1.0850617,1.0757267,0.0096431,1.0757267,0.0012681856,54.296295,6.8852525e-05,-0.0002652,6.9255486,0.00045559782,-0.26980183,0.310428,0.00089364086,0.7738295,1.0842607,0.004086968,-2.8086379e-06,-6.6828365,-1.2898278e-06,0.00012746397,-0.0068164
SEV_batch2_c023,246,1.0714235,1.0780809,1.0754658,1.0760707,1.0711476,0.0069333,1.0713947,0.0020668556,21.280191,2.909091e-07,-0.0006463,3.651766,0.00046122566,-0.99384093,1.0615568,0.005807771,0.016985701,1.0786036,0.7530228,-6.21336e-05,-6.672173,-9.876103e-07,3.761504e-05,-2.88e-05
SEV_batch2_c024,247,1.0710108,1.0734261,1.0719993,1.0729892,1.0639789,0.0094472,1.0639789,0.0011713384,27.515997,7.1029295e-05,-0.0006038,4.313011,0.00053364225,-0.21957093,1.690065e-10,2.0693693e-05,1.0719993,1.0716205,0.034190107,7.503173e-06,-6.5455,-1.1653051e-06,0.00012519899,-0.0070319
SEV_batch2_c025,249,1.0676695,1.0721645,1.0704823,1.0712626,1.0640887,0.0080758,1.0640887,0.001429145,30.83919,3.61697e-05,-0.0005136,4.707426,0.000419922,-0.5008573,1.0579026,0.0023959181,0.013845937,1.0717746,0.2672169,-2.5592964e-05,-6.7536626,-1.3113299e-06,0.00010685137,-0.0035808
SEV_batch2_c026,249,1.0773104,1.0825263,1.0806011,1.0814126,1.0733846,0.0091417,1.0733846,0.0016854912,13.376248,3.9654544e-05,-0.0007746,2.6935263,0.00053974334,-0.51098657,1.0656794,0.0029349318,0.01648402,1.0821958,0.29244083,-3.157605e-05,-6.5356255,-1.4950957e-06,0.000119428616,-0.0039258
SEV_batch2_c028,248,1.0759076,1.0778632,1.0766113,1.0770229,1.0682162,0.009647,1.0682162,0.001465654,13.001324,7.769091e-05,-0.0055941,0.59316427,0.0011956969,-0.12664221,4.0080148e-11,3.2065275e-06,1.0766113,1.0760272,0.051907822,1.1568051e-05,-5.8447576,-1.1135595e-06,0.00012403756,-0.0076914
SEV_batch2_c029,245,1.0787998,1.0793418,1.0781639,1.078729,1.0699197,0.0094221,1.0699197,0.0015277441,13.527003,8.969798e-05,-0.0006798,2.4944139,0.0004059728,0.008036961,0.041389823,6.849385e-18,1.036774,1.0763073,0.4825356,3.6764413e-05,-6.783006,-1.199697e-06,0.00015793381,-0.0088801
SEV_batch2_c030,246,1.071249,1.0731578,1.0720644,1.07291,1.0634685,0.0096893,1.0634685,0.0013110827,32.485527,7.859091e-05,-0.0012303,4.4727416,0.0004916804,-0.17592543,3.2147365e-11,2.2242257e-06,1.0720644,1.0713894,0.08659041,1.33652575e-05,-6.6166344,-1.33016e-06,0.00014771143,-0.0077805
SEV_batch2_c031,252,1.0785081,1.0801251,1.0791221,1.0796938,1.0695118,0.0106133,1.0695118,0.0014117424,27.929094,9.087172e-05,-0.0013871,4.1471043,0.0005039977,-0.1164506,0.0014381995,7.142708e-13,1.0776839,1.0782107,0.1361854,1.8048164e-05,-6.595143,-1.2901869e-06,0.00014835705,-0.0089963
SEV_batch2_c032,360,1.0795146,1.0809267,1.0795892,1.0799989,1.0712117,0.009715,1.0712117,0.0014023649,0.29162854,8.386768e-05,-0.0023041,0.1641868,0.0010121953,-0.055114258,0.018209366,5.0520645e-15,1.0613799,1.0784616,0.21121679,2.2327371e-05,-5.9894714,-1.0309583e-06,0.00012645415,-0.0083029
SEV_batch2_c033,246,1.0847911,1.085596,1.0844895,1.0848111,1.0758885,0.0097075,1.0758885,0.0013566391,10.297798,8.9925255e-05,-0.0016781,1.9434385,0.00055797695,-0.002241499,0.026105618,5.824302e-16,1.0583838,1.0832151,0.28828716,2.5234187e-05,-6.5067673,-1.0765041e-06,0.0001339611,-0.0089026
SEV_batch2_c035,246,1.0718495,1.0744882,1.0732586,1.0741467,1.0651143,0.0093739,1.0651143,0.0013079513,17.514563,6.803232e-05,-0.0014427,3.0675025,0.0005522397,-0.25432888,5.853832e-11,1.4047288e-05,1.0732586,1.0730256,0.010373633,4.6149753e-06,-6.5157447,-1.3882272e-06,0.00014482593,-0.0067352
SEV_batch2_c036,249,1.0852383,1.0860698,1.0850738,1.0859089,1.0753652,0.0107046,1.0753652,0.0015846594,42.62448,9.9728284e-05,-0.0009542,5.84274,0.0005263463,-0.06360196,0.02762521,6.5955994e-16,1.0574486,1.0836009,0.28228414,2.9166982e-05,-6.557457,-1.3617259e-06,0.0001667013,-0.0098731
SEV_batch2_c037,245,1.081265,1.081674,1.0805892,1.0813913,1.0712371,0.0104369,1.0712371,0.0016030141,57.839085,0.00010129192,-0.0001912,7.1520896,0.00039666012,-0.012438203,0.043696646,3.3312325e-18,1.0368925,1.0785884,0.50904167,3.9621085e-05,-6.803163,-1.1742627e-06,0.00015822162,-0.0100279
SEV_batch2_c038,251,1.074622,1.0757483,1.074856,1.0755442,1.0661006,0.0096477,1.0661006,0.001300286,34.81495,8.6074746e-05,-0.0012311,5.1356225,0.0004939011,-0.09765344,0.013266705,2.0817209e-14,1.0615894,1.0737842,0.22197916,2.1223028e-05,-6.61272,-1.1442347e-06,0.00013679074,-0.0085214
SEV_batch2_c039,246,1.0863159,1.0868819,1.0857941,1.0866104,1.0743777,0.0125042,1.0743777,0.0018235008,37.9037,0.00012058788,-0.0003601,5.663461,0.0005129164,-0.024074815,0.03835487,3.2861874e-17,1.0474392,1.0838869,0.35744062,3.7767677e-05,-6.579907,-1.4246519e-06,0.00018165752,-0.0119382
SEV_batch2_c040,361,1.0798434,1.0831202,1.0811752,1.0820432,1.0735563,0.0095639,1.0735563,0.0018332236,9.052246,6.3506064e-05,-0.0068388,-0.7174006,0.0013524329,-0.25919947,0.9067318,0.0016123743,0.17517404,1.081921,0.054065548,-1.4766858e-05,-5.7377687,-1.0316769e-06,8.9432506e-05,-0.0062871
SEV_batch2_c041,249,1.0736984,1.0761088,1.0746328,1.075144,1.0648384,0.0112704,1.0648384,0.001532455,9.215293,8.949495e-05,-0.0009031,1.9192439,0.0005897415,-0.14028159,0.007453914,2.1384309e-13,1.0671788,1.0735202,0.17218718,2.202929e-05,-6.458677,-1.4171787e-06,0.00016516434,-0.00886
SEV_batch2_c042,245,1.082616,1.0841106,1.0830368,1.0837672,1.074605,0.0095056,1.074605,0.001233059,30.574078,8.091919e-05,-0.0006254,4.6276855,0.00044808505,-0.12564668,0.00031701103,7.3035794e-13,1.0827198,1.082201,0.15009028,1.6549027e-05,-6.697279,-1.1461516e-06,0.00013231034,-0.008011
SEV_batch2_c043,249,1.0790776,1.08064,1.07951,1.0802096,1.0691837,0.0114563,1.0691837,0.0014931574,50.673992,9.9938385e-05,-0.0003742,6.560971,0.0005048404,-0.102667354,0.0019176169,6.485914e-13,1.0775924,1.0785841,0.12565339,1.8336019e-05,-6.593692,-1.3891735e-06,0.00015864254,-0.0098939
SEV_batch2_c044,246,1.0763599,1.0772526,1.0762508,1.0771043,1.066477,0.0107757,1.066477,0.0014465316,53.067608,9.9828285e-05,-0.0003317,6.628151,0.00050071627,-0.07004535,0.02674009,5.787866e-16,1.0495107,1.0748633,0.30063695,2.7476504e-05,-6.6008167,-1.1797572e-06,0.00014663198,-0.009883
SEV_batch2_c047,259,1.0470229,1.0502502,1.0487963,1.049687,1.0383378,0.0119124,1.0383378,0.0017336089,39.51879,8.772828e-05,-0.0001729,5.8077397,0.00046768275,-0.23473902,0.38771868,0.0007625336,0.6612254,1.0489475,0.0024850916,-2.9938817e-06,-6.660097,-1.6899454e-06,0.00016769061,-0.0086851
SEV_batch3_c000,819,1.0694544,1.0713712,1.0703483,1.070883,1.0665728,0.0047984,1.0665728,0.000749114,7.154094,2.910707e-05,-0.0002431,2.1316826,0.00017938195,-0.33144635,0.35142255,0.0008222919,0.7190702,1.0704958,0.012676569,-2.9218716e-06,-7.4924426,-7.5343536e-07,7.31751e-05,-0.0028816
SEV_batch3_c001,585,1.0664777,1.0687399,1.0676867,1.0680795,1.0642239,0.004516,1.0642239,0.0007806131,13.73487,2.2765656e-05,-0.0002074,3.24884,0.00018868664,-0.41544768,0.7790503,0.001551262,0.28924033,1.068303,0.20366938,-1.2204248e-05,-7.448518,-6.2570405e-07,5.0991857e-05,-0.0022538
SEV_batch3_c003,600,1.0635946,1.0655342,1.0646292,1.064914,1.0622736,0.0032606,1.0622736,0.00064866117,5.634589,1.3343434e-05,-0.0002782,1.8181202,0.00015824477,-0.49969703,0.68705827,0.0015660058,0.37810862,1.0651779,0.23379488,-1.0865451e-05,-7.6013412,-5.599393e-07,4.5688415e-05,-0.001321
SEV_batch3_c004,441,1.0738586,1.075265,1.0745099,1.0749583,1.0717411,0.0035239,1.0717411,0.00055782415,6.8605747,2.1388889e-05,-0.0002481,2.0055487,0.00014343746,-0.341819,0.3459358,0.0009771077,0.72874296,1.0746824,0.031252664,-3.4162779e-06,-7.686675,-5.5396663e-07,5.2534353e-05,-0.0021175
SEV_batch3_c006,549,1.04378,1.0630716,1.0538423,1.0538685,1.04378,0.0192916,1.0620248,0.0058168876,7.1003575,-0.00018429091,-0.0004323,1.860312,0.0001490983,1.2368966,1.043879,0.019274555,0.019958861,1.0640078,0.9978469,-0.00020129593,-7.6530547,-4.0729745e-08,-0.00019718222,0.0182448
SEV_batch3_c007,389,1.0684743,1.070919,1.0701404,1.0703938,1.0664694,0.0044496,1.0664694,0.0007267537,7.461214,2.0251515e-05,-0.0025795,-0.11491172,0.0005831938,-0.48911938,0.08948853,9.325432e-05,0.98065597,1.0701447,1.13013475e-05,-8.463786e-08,-6.4683743,-5.8430646e-07,5.8930316e-05,-0.0020049
SEV_batch3_c008,426,1.067026,1.0687144,1.0679626,1.0686038,1.0636606,0.0050538,1.0636606,0.000793466,11.3976145,3.399394e-05,-0.0002425,2.9122999,0.00019053306,-0.31918597,0.09365703,0.0006614081,0.97433656,1.0679944,0.0005239338,-6.291857e-07,-7.440059,-8.272676e-07,8.2924846e-05,-0.0033654
SEV_batch3_c009,371,1.0724456,1.0733707,1.0728145,1.0731695,1.0683683,0.0050024,1.0683683,0.000738321,13.216748,4.118485e-05,-0.0002881,3.147465,0.00018668761,-0.1507748,3.7269368e-11,9.9959725e-06,1.0728145,1.072647,0.016809402,3.3161464e-06,-7.457769,-6.6704604e-07,7.06878e-05,-0.0040773
SEV_batch3_c010,102,1.0623909,1.0650008,1.0643436,1.0648276,1.0608749,0.0041259,1.0608749,0.0006952861,5.3097997,1.5313131e-05,-0.0013464,-0.35133737,0.00041213963,-0.61646473,0.09289365,0.0007523581,0.97148484,1.0643793,0.00086678844,-7.091407e-07,-6.7699113,-6.8150825e-07,6.81232e-05,-0.001516
SEV_batch3_c011,145,1.0682998,1.0707607,1.0698026,1.0702596,1.0673251,0.0034356,1.0673251,0.00076973095,19.368671,9.845455e-06,-0.0009908,2.3593264,0.00022816114,-0.66784805,0.86290085,0.0017985599,0.20767733,1.070594,0.34534305,-1.5670277e-05,-7.2835164,-6.4511676e-07,4.9486516e-05,-0.0009747
SEV_batch3_c012,463,1.0755343,1.076943,1.0763037,1.0766205,1.0731678,0.0037752,1.0731678,0.0005904489,17.910149,2.390404e-05,-0.0009325,2.6721075,0.0002287822,-0.3145944,0.35514078,0.001281626,0.7213904,1.0765359,0.050559215,-4.599333e-06,-7.2811556,-5.475576e-07,5.070398e-05,-0.0023665
SEV_batch3_c013,377,1.067306,1.0696447,1.0686685,1.0693367,1.0642039,0.0054408,1.0642039,0.0009147329,13.742441,3.1334344e-05,-0.0011728,1.8056111,0.00026375224,-0.39563203,0.66667783,0.0013576206,0.40244302,1.0691303,0.08326814,-9.144208e-06,-7.1576076,-8.7877106e-07,7.9611666e-05,-0.0031021
SEV_batch3_c014,143,1.0763919,1.0777442,1.0769619,1.0776124,1.0716274,0.0061168,1.0716274,0.00093340664,14.652084,4.812626e-05,-0.0010059,2.6866825,0.00027798835,-0.20392649,8.0692106e-11,9.976465e-06,1.0769619,1.0765731,0.056695845,7.699435e-06,-7.1119466,-9.517516e-07,0.00010382634,-0.0047645
SEV_batch3_c015,519,1.0693594,1.0712774,1.0705189,1.0709792,1.0677625,0.0035149,1.0677625,0.00069529616,11.6972475,1.6130303e-05,-0.0012218,0.633226,0.00028366438,-0.5035596,0.7013399,0.0013505381,0.36965233,1.071002,0.15776062,-9.567125e-06,-7.0943904,-6.6573085e-07,5.7671692e-05,-0.0015969
SEV_batch3_c016,568,1.0625579,1.0643399,1.0634793,1.0640136,1.0605524,0.0037875,1.0605524,0.00075987604,5.7375083,2.0257576e-05,-0.0012036,-0.07168431,0.00036122315,-0.4205767,0.64951396,0.0011653899,0.41434368,1.0638654,0.084389195,-7.647131e-06,-6.884449,-7.3472745e-07,6.656034e-05,-0.0020055
SEV_batch3_c018,591,1.0670015,1.0701538,1.0688549,1.0691738,1.0665783,0.0035755,1.0674672,0.00094745087,12.5829,-4.7040403e-06,-0.0011901,0.052787136,0.00026179242,-1.2728819,0.92833066,0.002943788,0.14188929,1.0702473,0.7057001,-2.757269e-05,-7.164086,-4.616076e-07,1.904968e-05,0.0004657
SEV_batch3_c019,904,1.0708553,1.0738997,1.0726999,1.0730015,1.0706265,0.0032732,1.0706265,0.0009463627,30.273289,2.311111e-06,-0.0001945,4.909551,0.00017622304,-0.9036632,0.94776046,0.0028826282,0.12630412,1.0740919,0.706944,-2.7565282e-05,-7.5078745,-4.4514542e-07,1.7394406e-05,-0.0002288
SEV_batch3_c020,660,1.0664401,1.068111,1.0674132,1.0678195,1.063777,0.0043339,1.063777,0.00065974693,24.12809,2.69e-05,-0.0003565,4.2319083,0.00017933823,-0.3412245,0.37564445,0.0012537475,0.69200414,1.0676535,0.043368254,-4.7596573e-06,-7.4926543,-6.436298e-07,6.024695e-05,-0.0026631
SEV_batch3_c021,409,1.0538316,1.0686967,1.0620372,1.0622308,1.0538316,0.0148651,1.0678786,0.0045894496,23.528358,-0.00014188889,-0.0013177,0.3509057,0.00019829442,1.4871631,1.0698884,0.014749096,1.3306081e-09,1.0700293,0.99081784,-0.00015825951,-7.405379,-3.6050233e-07,-0.00012184878,0.014047
SEV_batch3_c025,391,1.0643663,1.0654705,1.0647751,1.0651304,1.0600799,0.0053906,1.0600799,0.0008395697,8.323353,4.329697e-05,-0.001216,0.45563418,0.00029942632,-0.15129195,3.5857404e-11,3.5113555e-06,1.0647751,1.0642922,0.10807831,9.561772e-06,-7.04742,-7.994068e-07,9.030186e-05,-0.0042864
SEV_batch3_c026,673,1.074435,1.0758095,1.0750709,1.0754589,1.0709693,0.0048402,1.0709693,0.00073153386,12.782815,3.500707e-05,-0.0011992,0.7597582,0.00023991357,-0.22806041,1.3374564e-11,6.2304994e-06,1.0750709,1.0749676,0.006512202,2.0450818e-06,-7.2398906,-7.073406e-07,7.348648e-05,-0.0034657
SEV_batch3_c027,773,1.0627574,1.0644526,1.0636646,1.0640848,1.0592589,0.0051937,1.0592589,0.00077791745,16.255198,3.5338384e-05,-0.0001661,3.72054,0.00019067513,-0.2750575,0.11418746,0.0010981839,0.9495398,1.0637288,0.0022272966,-1.2718469e-06,-7.4394116,-7.9610453e-07,7.913471e-05,-0.0034985
SEV_batch3_c028,348,1.0340093,1.0526985,1.0445895,1.0448675,1.0340093,0.0186892,1.051274,0.005689925,10.674128,-0.0001743899,-0.0004079,2.685508,0.00014046075,1.6948988,1.0543249,0.018582558,1.5044674e-11,1.0544952,0.9902491,-0.00019615126,-7.7048903,-6.224768e-07,-0.00013328111,0.0172646
SEV_batch3_c029,734,1.0696349,1.0712008,1.0704473,1.0710952,1.0652004,0.0060004,1.0652004,0.0009575438,14.28259,4.479293e-05,-0.000209,3.3965504,0.0001951709,-0.24772681,1.6427092e-10,2.122075e-05,1.0704473,1.0700885,0.0458753,7.1049403e-06,-7.41917,-1.0240319e-06,0.000110532164,-0.0044345
SEV_batch3_c030,753,1.0710108,1.0723398,1.0716636,1.0720063,1.0674757,0.0048641,1.0674757,0.00070103095,21.378895,3.5708083e-05,-0.0001785,4.12017,0.00018654653,-0.21972808,0.09259922,0.0008537361,0.9791039,1.0717041,0.0010906876,-8.020468e-07,-7.4584255,-6.6969557e-07,6.683721e-05,-0.0035351
SEV_batch3_c031,112,1.0698149,1.0716417,1.0707667,1.070012,1.0674968,0.0041449,1.0674968,0.0007207497,14.44836,2.3415152e-05,-0.0010751,1.2268097,0.00022195074,-0.07836355,0.607389,0.0011032498,0.4637126,1.0711086,0.07351928,-6.7701367e-06,-7.3074865,-6.963095e-07,6.355712e-05,-0.0023181
SEV_batch3_c033,352,1.0609198,1.0629164,1.0621318,1.062553,1.0594152,0.0035012,1.0594152,0.000655415,12.337155,1.519798e-05,-0.0001953,3.0032146,0.00014512627,-0.5204921,0.73691976,0.001422523,0.3257359,1.0626664,0.21741273,-1.0586958e-05,-7.676508,-6.004705e-07,5.0060567e-05,-0.0015046
SEV_batch3_c034,133,1.0615493,1.0642781,1.0632159,1.0635159,1.0602307,0.0040474,1.0602307,0.00084001606,20.864653,1.3319192e-05,-0.0002805,3.739372,0.00018923967,-0.59862417,0.8659647,0.002143497,0.19817857,1.0641621,0.41462725,-1.8738243e-05,-7.445976,-6.1669135e-07,4.3547585e-05,-0.0013186
SEV_batch3_c036,863,1.0577667,1.0606048,1.0593433,1.0596076,1.0573761,0.0032287,1.0573761,0.00086849165,4.0882993,3.9454544e-06,-0.0002366,1.5056499,0.00013666309,-0.8249608,0.94265485,0.0021163134,0.117685325,1.0603604,0.44803444,-2.0138805e-05,-7.7286973,-6.3747865e-07,4.424654e-05,-0.0003906
SEV_batch3_c037,598,1.0483961,1.0586847,1.0494373,1.0497955,1.0410731,0.0176116,1.0489386,0.0018873137,8.391276,-5.479798e-06,-0.0087543,0.55024,0.0023610254,-1.6330962,0.101651,0.0016386362,0.94786954,1.0495226,0.0006692989,-1.6914786e-06,-5.2537985,-9.3652875e-07,9.289793e-05,0.0005425
SEV_batch3_c038,1681,1.0710695,1.0726566,1.0719545,1.0722337,1.0691597,0.0034969,1.0691597,0.00053502654,16.25039,1.9290908e-05,-0.0002178,3.3924131,0.00015694933,-0.3787248,0.49405286,0.0013726391,0.5782406,1.0723004,0.13656642,-6.8495115e-06,-7.608481,-4.4876032e-07,3.847528e-05,-0.0019098
SEV_batch3_c039,938,1.0495038,1.0515106,1.0505414,1.0511026,1.0464231,0.0050875,1.0464231,0.0008744197,10.464485,3.1118183e-05,-0.0002039,2.7225747,0.00016845626,-0.34166044,0.38402992,0.0010085419,0.66670513,1.0507393,0.016715452,-3.916439e-06,-7.5470257,-9.109168e-07,8.808616e-05,-0.0030807
SEV_batch3_c040,237,1.0617574,1.0638335,1.062951,1.0635291,1.0581568,0.0056767,1.0581568,0.00094021717,12.531536,3.6369696e-05,-0.00027,3.2227712,0.00020433193,-0.32978427,0.5019671,0.0009039662,0.5612107,1.0631826,0.01983144,-4.586883e-06,-7.3793273,-9.087161e-07,8.7193446e-05,-0.0036006
SEV_batch3_c041,621,1.0541531,1.0548838,1.0543224,1.0547957,1.0491925,0.0056913,1.0491925,0.00085364404,22.19895,5.010707e-05,-0.0001311,4.320659,0.00019218691,-0.11468447,7.810797e-12,5.909434e-07,1.0543224,1.05369,0.1792774,1.2521372e-05,-7.4325523,-7.8050783e-07,9.135267e-05,-0.0049606
SEV_batch3_c042,1341,1.0689646,1.0699885,1.0694823,1.0699682,1.0657128,0.0042757,1.0657128,0.0006020102,24.944399,3.2846463e-05,-0.000167,4.4301033,0.00016907853,-0.23584153,5.7745437e-11,1.2741221e-05,1.0694823,1.0692793,0.037129827,4.0186264e-06,-7.5438232,-6.034231e-07,6.4964355e-05,-0.0032518
SEV_batch3_c043,706,1.0724185,1.073334,1.0728472,1.0730871,1.0691668,0.0041672,1.0691668,0.00059497496,12.754944,3.2845455e-05,-0.0002023,2.929038,0.00016545923,-0.17054817,7.772717e-11,1.6881319e-05,1.0728472,1.0725867,0.06265259,5.1591787e-06,-7.562618,-5.281951e-07,5.8506885e-05,-0.0032517
SEV_batch3_c045,636,1.0711251,1.0721447,1.0714393,1.0720005,1.0688018,0.0033429,1.0688018,0.0005265492,7.8678746,2.3467677e-05,-0.001299,-0.066568494,0.00034224425,-0.27367368,1.8392138e-08,9.325366e-06,1.0714391,1.0713655,0.006410637,1.460501e-06,-6.931328,-4.8341803e-07,5.0285726e-05,-0.0023233
