split_seed,fold,n_early,model,MAE,MedianAE,Within_50
42,0,50,PINN_Knee,121.34,54.52,0.4167
42,0,50,RandomForest,122.75,75.55,0.4167
42,0,50,PINN_UQ,146.98,110.92,0.3333
42,0,50,Ensemble_NN,180.06,127.47,0.2917
42,0,50,Pure_NN,180.06,127.47,0.2917
42,0,50,GaussianProcess,352.47,249.87,0.0833
42,0,50,Neural_ODE,173.47,68.34,0.5
42,0,50,XGBoost,167.16,110.14,0.375
42,0,100,PINN_Knee,95.39,40.4,0.5217
42,0,100,RandomForest,90.36,50.85,0.4783
42,0,100,PINN_UQ,120.96,80.13,0.2609
42,0,100,Ensemble_NN,149.25,120.96,0.1304
42,0,100,Pure_NN,149.25,120.96,0.1304
42,0,100,GaussianProcess,304.38,219.18,0.2174
42,0,100,Neural_ODE,124.53,98.86,0.1739
42,0,100,XGBoost,102.5,33.06,0.5652
42,0,150,PINN_Knee,84.48,41.35,0.5652
42,0,150,RandomForest,103.69,82.18,0.2174
42,0,150,PINN_UQ,127.6,95.59,0.3043
42,0,150,Ensemble_NN,114.59,86.01,0.2609
42,0,150,Pure_NN,114.59,86.01,0.2609
42,0,150,GaussianProcess,441.64,112.27,0.087
42,0,150,Neural_ODE,119.44,120.02,0.3043
42,0,150,XGBoost,107.82,75.7,0.4783
42,1,50,PINN_Knee,148.14,57.83,0.4583
42,1,50,RandomForest,160.6,73.84,0.4167
42,1,50,PINN_UQ,150.93,50.78,0.5
42,1,50,Ensemble_NN,167.92,55.8,0.5
42,1,50,Pure_NN,167.92,55.8,0.5
42,1,50,GaussianProcess,300.79,219.12,0.1667
42,1,50,Neural_ODE,180.23,100.82,0.25
42,1,50,XGBoost,179.62,90.63,0.2917
42,1,100,PINN_Knee,147.34,70.16,0.3043
42,1,100,RandomForest,148.29,88.71,0.3478
42,1,100,PINN_UQ,140.45,72.99,0.3913
42,1,100,Ensemble_NN,145.39,77.2,0.4348
42,1,100,Pure_NN,145.39,77.2,0.4348
42,1,100,GaussianProcess,299.76,264.96,0.087
42,1,100,Neural_ODE,117.28,53.01,0.4348
42,1,100,XGBoost,154.65,80.65,0.3478
42,1,150,PINN_Knee,120.65,37.96,0.5217
42,1,150,RandomForest,130.65,51.38,0.4783
42,1,150,PINN_UQ,124.45,63.29,0.3478
42,1,150,Ensemble_NN,124.46,53.71,0.4348
42,1,150,Pure_NN,124.46,53.71,0.4348
42,1,150,GaussianProcess,310.93,225.12,0.2174
42,1,150,Neural_ODE,146.27,48.19,0.5217
42,1,150,XGBoost,159.68,114.22,0.4348
42,2,50,PINN_Knee,128.42,49.59,0.5217
42,2,50,RandomForest,136.62,93.66,0.4348
42,2,50,PINN_UQ,165.5,115.1,0.2609
42,2,50,Ensemble_NN,174.1,119.63,0.2174
42,2,50,Pure_NN,174.1,119.63,0.2174
42,2,50,GaussianProcess,366.63,303.03,0.1739
42,2,50,Neural_ODE,172.85,122.65,0.3043
42,2,50,XGBoost,164.35,142.36,0.3913
42,2,100,PINN_Knee,140.3,71.84,0.3182
42,2,100,RandomForest,132.93,74.67,0.4545
42,2,100,PINN_UQ,156.7,112.31,0.2727
42,2,100,Ensemble_NN,168.56,123.29,0.2727
42,2,100,Pure_NN,168.56,123.29,0.2727
42,2,100,GaussianProcess,317.23,232.36,0.1818
42,2,100,Neural_ODE,178.19,132.03,0.0909
42,2,100,XGBoost,151.99,148.9,0.3182
42,2,150,PINN_Knee,110.19,55.45,0.4762
42,2,150,RandomForest,118.83,119.27,0.381
42,2,150,PINN_UQ,140.41,88.11,0.2857
42,2,150,Ensemble_NN,133.48,99.84,0.2857
42,2,150,Pure_NN,133.48,99.84,0.2857
42,2,150,GaussianProcess,280.39,227.44,0.0476
42,2,150,Neural_ODE,143.17,118.64,0.2381
42,2,150,XGBoost,144.74,142.63,0.381
42,3,50,PINN_Knee,188.04,64.04,0.4348
42,3,50,RandomForest,205.23,80.17,0.3043
42,3,50,PINN_UQ,222.36,151.63,0.2174
42,3,50,Ensemble_NN,217.83,88.59,0.3478
42,3,50,Pure_NN,217.83,88.59,0.3478
42,3,50,GaussianProcess,329.75,303.92,0.0
42,3,50,Neural_ODE,220.76,155.18,0.2609
42,3,50,XGBoost,208.16,159.73,0.3913
42,3,100,PINN_Knee,169.5,105.8,0.4348
42,3,100,RandomForest,176.81,115.3,0.3478
42,3,100,PINN_UQ,193.79,129.62,0.2174
42,3,100,Ensemble_NN,199.12,166.56,0.2609
42,3,100,Pure_NN,199.12,166.56,0.2609
42,3,100,GaussianProcess,258.37,245.89,0.1304
42,3,100,Neural_ODE,178.32,111.94,0.3043
42,3,100,XGBoost,197.15,149.39,0.3478
42,3,150,PINN_Knee,138.74,111.07,0.4286
42,3,150,RandomForest,135.54,38.35,0.5238
42,3,150,PINN_UQ,118.0,39.79,0.5714
42,3,150,Ensemble_NN,116.87,39.87,0.5238
42,3,150,Pure_NN,116.87,39.87,0.5238
42,3,150,GaussianProcess,264.01,219.96,0.0952
42,3,150,Neural_ODE,158.01,76.99,0.3333
42,3,150,XGBoost,142.89,34.28,0.5238
42,4,50,PINN_Knee,169.38,100.48,0.2174
42,4,50,RandomForest,218.86,223.24,0.2174
42,4,50,PINN_UQ,169.88,106.07,0.2174
42,4,50,Ensemble_NN,162.53,104.58,0.1304
42,4,50,Pure_NN,162.53,104.58,0.1304
42,4,50,GaussianProcess,380.85,223.75,0.0435
42,4,50,Neural_ODE,221.56,184.04,0.1739
42,4,50,XGBoost,256.04,189.43,0.2609
42,4,100,PINN_Knee,153.24,91.36,0.3182
42,4,100,RandomForest,185.15,135.63,0.1818
42,4,100,PINN_UQ,172.71,117.58,0.1364
42,4,100,Ensemble_NN,153.1,133.04,0.2727
42,4,100,Pure_NN,153.1,133.04,0.2727
42,4,100,GaussianProcess,553.24,248.32,0.1364
42,4,100,Neural_ODE,160.18,77.47,0.3182
42,4,100,XGBoost,179.97,138.3,0.1818
42,4,150,PINN_Knee,133.92,75.28,0.35
42,4,150,RandomForest,146.62,94.62,0.4
42,4,150,PINN_UQ,137.47,103.06,0.4
42,4,150,Ensemble_NN,140.45,87.39,0.45
42,4,150,Pure_NN,140.45,87.39,0.45
42,4,150,GaussianProcess,303.08,176.72,0.1
42,4,150,Neural_ODE,140.62,74.12,0.4
42,4,150,XGBoost,133.57,97.6,0.35
100,0,50,PINN_Knee,115.57,48.11,0.5
100,0,50,RandomForest,133.38,107.83,0.2083
100,0,50,PINN_UQ,133.53,69.78,0.4167
100,0,50,Ensemble_NN,149.85,124.37,0.2917
100,0,50,Pure_NN,149.85,124.37,0.2917
100,0,50,GaussianProcess,373.58,216.89,0.0
100,0,50,Neural_ODE,134.91,68.14,0.4167
100,0,50,XGBoost,192.4,145.12,0.25
100,0,100,PINN_Knee,123.59,70.01,0.4167
100,0,100,RandomForest,109.65,76.65,0.375
100,0,100,PINN_UQ,157.49,103.71,0.3333
100,0,100,Ensemble_NN,265.24,213.38,0.0417
100,0,100,Pure_NN,265.24,213.38,0.0417
100,0,100,GaussianProcess,1475.05,320.45,0.0417
100,0,100,Neural_ODE,177.56,153.35,0.125
100,0,100,XGBoost,142.13,97.61,0.2917
100,0,150,PINN_Knee,101.61,79.43,0.4545
100,0,150,RandomForest,137.8,80.16,0.3182
100,0,150,PINN_UQ,98.4,65.01,0.4091
100,0,150,Ensemble_NN,165.91,148.25,0.2727
100,0,150,Pure_NN,165.91,148.25,0.2727
100,0,150,GaussianProcess,213.29,143.19,0.2273
100,0,150,Neural_ODE,135.71,111.15,0.1818
100,0,150,XGBoost,135.59,78.5,0.2727
100,1,50,PINN_Knee,156.28,80.61,0.25
100,1,50,RandomForest,162.57,72.82,0.4167
100,1,50,PINN_UQ,187.79,93.58,0.25
100,1,50,Ensemble_NN,169.61,111.5,0.3333
100,1,50,Pure_NN,169.61,111.5,0.3333
100,1,50,GaussianProcess,563.47,349.42,0.0417
100,1,50,Neural_ODE,172.99,66.39,0.3333
100,1,50,XGBoost,233.98,147.0,0.25
100,1,100,PINN_Knee,156.24,91.27,0.3478
100,1,100,RandomForest,143.32,101.32,0.3913
100,1,100,PINN_UQ,173.75,134.39,0.2174
100,1,100,Ensemble_NN,192.67,101.2,0.2174
100,1,100,Pure_NN,192.67,101.2,0.2174
100,1,100,GaussianProcess,699.82,257.02,0.087
100,1,100,Neural_ODE,185.97,157.93,0.2174
100,1,100,XGBoost,162.27,143.94,0.3043
100,1,150,PINN_Knee,142.85,81.08,0.3478
100,1,150,RandomForest,129.48,71.13,0.4348
100,1,150,PINN_UQ,146.55,94.68,0.3043
100,1,150,Ensemble_NN,160.14,104.16,0.3478
100,1,150,Pure_NN,160.14,104.16,0.3478
100,1,150,GaussianProcess,240.6,180.95,0.2609
100,1,150,Neural_ODE,146.74,94.62,0.2174
100,1,150,XGBoost,139.89,92.08,0.4348
100,2,50,PINN_Knee,207.72,145.38,0.3478
100,2,50,RandomForest,192.62,137.74,0.3913
100,2,50,PINN_UQ,234.47,147.83,0.1739
100,2,50,Ensemble_NN,204.06,91.49,0.2609
100,2,50,Pure_NN,204.06,91.49,0.2609
100,2,50,GaussianProcess,287.52,227.88,0.2174
100,2,50,Neural_ODE,304.52,167.5,0.0435
100,2,50,XGBoost,198.79,151.39,0.3043
100,2,100,PINN_Knee,190.42,90.33,0.381
100,2,100,RandomForest,149.03,56.66,0.4286
100,2,100,PINN_UQ,235.72,145.02,0.1905
100,2,100,Ensemble_NN,233.5,151.69,0.0952
100,2,100,Pure_NN,233.5,151.69,0.0952
100,2,100,GaussianProcess,423.46,418.31,0.2857
100,2,100,Neural_ODE,167.5,83.59,0.4762
100,2,100,XGBoost,150.37,45.53,0.5238
100,2,150,PINN_Knee,161.39,69.12,0.4
100,2,150,RandomForest,144.76,73.56,0.45
100,2,150,PINN_UQ,200.62,183.99,0.2
100,2,150,Ensemble_NN,209.73,170.13,0.15
100,2,150,Pure_NN,209.73,170.13,0.15
100,2,150,GaussianProcess,316.68,308.49,0.3
100,2,150,Neural_ODE,182.84,137.87,0.25
100,2,150,XGBoost,146.59,51.93,0.45
100,3,50,PINN_Knee,174.87,70.37,0.3043
100,3,50,RandomForest,182.49,94.23,0.3478
100,3,50,PINN_UQ,187.23,165.52,0.2174
100,3,50,Ensemble_NN,183.44,83.62,0.1739
100,3,50,Pure_NN,183.44,83.62,0.1739
100,3,50,GaussianProcess,391.15,295.67,0.1304
100,3,50,Neural_ODE,196.12,142.31,0.2609
100,3,50,XGBoost,190.04,75.89,0.3913
100,3,100,PINN_Knee,192.52,93.61,0.3478
100,3,100,RandomForest,148.65,59.48,0.4348
100,3,100,PINN_UQ,207.38,117.51,0.3478
100,3,100,Ensemble_NN,205.62,135.87,0.2609
100,3,100,Pure_NN,205.62,135.87,0.2609
100,3,100,GaussianProcess,520.19,287.27,0.1304
100,3,100,Neural_ODE,185.86,119.93,0.3913
100,3,100,XGBoost,153.53,93.44,0.3913
100,3,150,PINN_Knee,159.95,59.57,0.4545
100,3,150,RandomForest,144.62,93.52,0.3636
100,3,150,PINN_UQ,184.47,92.02,0.3182
100,3,150,Ensemble_NN,197.65,98.31,0.2727
100,3,150,Pure_NN,197.65,98.31,0.2727
100,3,150,GaussianProcess,227.21,147.74,0.0909
100,3,150,Neural_ODE,168.38,97.2,0.3182
100,3,150,XGBoost,144.15,70.46,0.4545
100,4,50,PINN_Knee,131.83,88.72,0.1304
100,4,50,RandomForest,155.01,136.56,0.3478
100,4,50,PINN_UQ,186.48,137.83,0.2609
100,4,50,Ensemble_NN,146.27,94.72,0.3478
100,4,50,Pure_NN,146.27,94.72,0.3478
100,4,50,GaussianProcess,296.38,216.03,0.2174
100,4,50,Neural_ODE,179.87,83.45,0.2609
100,4,50,XGBoost,172.04,141.57,0.3478
100,4,100,PINN_Knee,125.87,106.14,0.2273
100,4,100,RandomForest,127.29,87.33,0.2727
100,4,100,PINN_UQ,110.39,89.53,0.1818
100,4,100,Ensemble_NN,97.77,74.87,0.2727
100,4,100,Pure_NN,97.77,74.87,0.2727
100,4,100,GaussianProcess,528.54,219.24,0.1818
100,4,100,Neural_ODE,89.07,50.73,0.5
100,4,100,XGBoost,149.83,75.97,0.3636
100,4,150,PINN_Knee,80.88,67.67,0.3333
100,4,150,RandomForest,100.36,67.64,0.381
100,4,150,PINN_UQ,86.6,74.0,0.4286
100,4,150,Ensemble_NN,83.72,64.86,0.4286
100,4,150,Pure_NN,83.72,64.86,0.4286
100,4,150,GaussianProcess,236.45,171.17,0.0952
100,4,150,Neural_ODE,93.52,57.38,0.4286
100,4,150,XGBoost,86.0,37.86,0.619
101,0,50,PINN_Knee,148.02,76.02,0.3333
101,0,50,RandomForest,140.43,69.08,0.4583
101,0,50,PINN_UQ,150.45,63.13,0.375
101,0,50,Ensemble_NN,165.99,102.19,0.1667
101,0,50,Pure_NN,165.99,102.19,0.1667
101,0,50,GaussianProcess,236.08,171.26,0.1667
101,0,50,Neural_ODE,166.49,124.19,0.125
101,0,50,XGBoost,155.92,68.32,0.3333
101,0,100,PINN_Knee,151.26,96.23,0.375
101,0,100,RandomForest,132.7,97.87,0.3333
101,0,100,PINN_UQ,157.06,129.44,0.2917
101,0,100,Ensemble_NN,179.09,113.51,0.2083
101,0,100,Pure_NN,179.09,113.51,0.2083
101,0,100,GaussianProcess,256.6,232.98,0.125
101,0,100,Neural_ODE,145.74,97.78,0.3333
101,0,100,XGBoost,135.91,91.89,0.3333
101,0,150,PINN_Knee,134.98,106.9,0.3478
101,0,150,RandomForest,132.05,73.02,0.3043
101,0,150,PINN_UQ,145.5,123.69,0.2609
101,0,150,Ensemble_NN,160.85,110.08,0.3043
101,0,150,Pure_NN,160.85,110.08,0.3043
101,0,150,GaussianProcess,205.15,125.31,0.2174
101,0,150,Neural_ODE,123.32,88.86,0.3043
101,0,150,XGBoost,144.22,113.75,0.3478
101,1,50,PINN_Knee,202.43,88.61,0.3333
101,1,50,RandomForest,184.77,62.37,0.4583
101,1,50,PINN_UQ,211.84,127.51,0.125
101,1,50,Ensemble_NN,189.19,125.73,0.2083
101,1,50,Pure_NN,189.19,125.73,0.2083
101,1,50,GaussianProcess,290.49,206.31,0.1667
101,1,50,Neural_ODE,186.31,69.41,0.375
101,1,50,XGBoost,191.69,80.23,0.375
101,1,100,PINN_Knee,187.01,57.12,0.3478
101,1,100,RandomForest,149.41,71.52,0.4783
101,1,100,PINN_UQ,181.02,99.58,0.3478
101,1,100,Ensemble_NN,192.77,109.81,0.3478
101,1,100,Pure_NN,192.77,109.81,0.3478
101,1,100,GaussianProcess,305.71,231.69,0.0435
101,1,100,Neural_ODE,158.59,67.7,0.3913
101,1,100,XGBoost,164.68,87.54,0.4783
101,1,150,PINN_Knee,152.57,61.88,0.4348
101,1,150,RandomForest,131.34,49.92,0.5217
101,1,150,PINN_UQ,161.88,65.5,0.3913
101,1,150,Ensemble_NN,177.33,94.5,0.3043
101,1,150,Pure_NN,177.33,94.5,0.3043
101,1,150,GaussianProcess,209.27,103.03,0.1739
101,1,150,Neural_ODE,123.89,48.04,0.5217
101,1,150,XGBoost,141.1,66.98,0.4783
101,2,50,PINN_Knee,171.71,89.4,0.3913
101,2,50,RandomForest,154.35,87.59,0.4348
101,2,50,PINN_UQ,178.28,64.97,0.3913
101,2,50,Ensemble_NN,185.87,141.62,0.2174
101,2,50,Pure_NN,185.87,141.62,0.2174
101,2,50,GaussianProcess,694.02,211.27,0.087
101,2,50,Neural_ODE,183.38,106.58,0.3478
101,2,50,XGBoost,171.81,81.97,0.3913
101,2,100,PINN_Knee,156.31,72.28,0.3636
101,2,100,RandomForest,136.03,73.77,0.3636
101,2,100,PINN_UQ,154.48,63.18,0.4545
101,2,100,Ensemble_NN,178.87,92.34,0.3182
101,2,100,Pure_NN,178.87,92.34,0.3182
101,2,100,GaussianProcess,355.6,312.94,0.0909
101,2,100,Neural_ODE,155.47,72.17,0.4091
101,2,100,XGBoost,154.09,107.16,0.3636
101,2,150,PINN_Knee,138.42,83.56,0.2381
101,2,150,RandomForest,148.29,101.0,0.2857
101,2,150,PINN_UQ,146.46,94.35,0.2381
101,2,150,Ensemble_NN,160.29,129.59,0.0952
101,2,150,Pure_NN,160.29,129.59,0.0952
101,2,150,GaussianProcess,436.28,277.77,0.1429
101,2,150,Neural_ODE,136.04,51.18,0.4762
101,2,150,XGBoost,173.38,133.29,0.2857
101,3,50,PINN_Knee,150.25,65.74,0.3913
101,3,50,RandomForest,152.28,77.97,0.4348
101,3,50,PINN_UQ,197.59,147.13,0.2609
101,3,50,Ensemble_NN,248.67,179.02,0.2609
101,3,50,Pure_NN,248.67,179.02,0.2609
101,3,50,GaussianProcess,256.26,173.07,0.1304
101,3,50,Neural_ODE,225.57,145.56,0.2174
101,3,50,XGBoost,167.3,55.39,0.4783
101,3,100,PINN_Knee,121.0,50.41,0.4762
101,3,100,RandomForest,116.76,78.97,0.3333
101,3,100,PINN_UQ,162.06,82.82,0.2857
101,3,100,Ensemble_NN,171.05,108.22,0.3333
101,3,100,Pure_NN,171.05,108.22,0.3333
101,3,100,GaussianProcess,254.2,197.98,0.3333
101,3,100,Neural_ODE,144.57,55.77,0.4762
101,3,100,XGBoost,142.35,50.61,0.4762
101,3,150,PINN_Knee,116.85,47.4,0.5
101,3,150,RandomForest,125.51,44.92,0.5
101,3,150,PINN_UQ,120.13,59.52,0.4
101,3,150,Ensemble_NN,132.32,77.94,0.35
101,3,150,Pure_NN,132.32,77.94,0.35
101,3,150,GaussianProcess,275.89,154.28,0.35
101,3,150,Neural_ODE,137.45,75.99,0.35
101,3,150,XGBoost,128.72,52.18,0.5
101,4,50,PINN_Knee,136.06,129.17,0.2174
101,4,50,RandomForest,117.11,65.0,0.3043
101,4,50,PINN_UQ,116.44,69.69,0.3478
101,4,50,Ensemble_NN,135.03,120.99,0.2174
101,4,50,Pure_NN,135.03,120.99,0.2174
101,4,50,GaussianProcess,563.53,201.08,0.1304
101,4,50,Neural_ODE,255.66,105.4,0.2609
101,4,50,XGBoost,100.86,48.7,0.5217
101,4,100,PINN_Knee,97.28,53.18,0.3913
101,4,100,RandomForest,113.46,114.27,0.4783
101,4,100,PINN_UQ,126.47,104.08,0.2174
101,4,100,Ensemble_NN,135.16,110.7,0.2174
101,4,100,Pure_NN,135.16,110.7,0.2174
101,4,100,GaussianProcess,403.05,403.94,0.087
101,4,100,Neural_ODE,113.85,104.43,0.3913
101,4,100,XGBoost,138.84,88.39,0.3478
101,4,150,PINN_Knee,62.22,33.31,0.6667
101,4,150,RandomForest,81.04,44.09,0.5714
101,4,150,PINN_UQ,78.98,48.66,0.5238
101,4,150,Ensemble_NN,88.96,70.66,0.381
101,4,150,Pure_NN,88.96,70.66,0.381
101,4,150,GaussianProcess,259.25,128.44,0.0952
101,4,150,Neural_ODE,118.72,67.36,0.381
101,4,150,XGBoost,92.78,55.26,0.4762
102,0,50,PINN_Knee,81.73,57.47,0.4167
102,0,50,RandomForest,88.84,35.2,0.5833
102,0,50,PINN_UQ,106.58,76.73,0.2917
102,0,50,Ensemble_NN,110.75,77.13,0.2083
102,0,50,Pure_NN,110.75,77.13,0.2083
102,0,50,GaussianProcess,292.63,266.32,0.2083
102,0,50,Neural_ODE,89.44,55.41,0.5
102,0,50,XGBoost,100.63,28.34,0.5417
102,0,100,PINN_Knee,77.54,52.32,0.4583
102,0,100,RandomForest,98.18,40.75,0.5833
102,0,100,PINN_UQ,120.85,85.94,0.375
102,0,100,Ensemble_NN,139.36,90.7,0.3333
102,0,100,Pure_NN,139.36,90.7,0.3333
102,0,100,GaussianProcess,287.65,127.63,0.0833
102,0,100,Neural_ODE,124.04,87.66,0.3333
102,0,100,XGBoost,103.84,35.64,0.5833
102,0,150,PINN_Knee,64.81,38.39,0.5217
102,0,150,RandomForest,100.06,41.22,0.5217
102,0,150,PINN_UQ,73.52,54.39,0.4348
102,0,150,Ensemble_NN,85.91,61.36,0.3478
102,0,150,Pure_NN,85.91,61.36,0.3478
102,0,150,GaussianProcess,291.34,134.67,0.2174
102,0,150,Neural_ODE,90.2,51.67,0.4783
102,0,150,XGBoost,123.4,9.64,0.6522
102,1,50,PINN_Knee,154.27,71.66,0.375
102,1,50,RandomForest,163.4,81.91,0.25
102,1,50,PINN_UQ,154.64,97.76,0.375
102,1,50,Ensemble_NN,162.79,86.47,0.2917
102,1,50,Pure_NN,162.79,86.47,0.2917
102,1,50,GaussianProcess,296.64,247.06,0.125
102,1,50,Neural_ODE,169.17,131.26,0.2917
102,1,50,XGBoost,195.14,165.07,0.2917
102,1,100,PINN_Knee,156.63,84.5,0.2917
102,1,100,RandomForest,135.85,100.56,0.3333
102,1,100,PINN_UQ,168.83,87.14,0.1667
102,1,100,Ensemble_NN,178.16,108.9,0.2083
102,1,100,Pure_NN,178.16,108.9,0.2083
102,1,100,GaussianProcess,254.31,211.15,0.1667
102,1,100,Neural_ODE,168.45,102.14,0.2083
102,1,100,XGBoost,124.16,77.99,0.4167
102,1,150,PINN_Knee,172.52,106.23,0.1739
102,1,150,RandomForest,177.39,119.2,0.3913
102,1,150,PINN_UQ,163.99,114.76,0.3043
102,1,150,Ensemble_NN,168.05,114.89,0.1304
102,1,150,Pure_NN,168.05,114.89,0.1304
102,1,150,GaussianProcess,232.68,157.11,0.1304
102,1,150,Neural_ODE,150.01,66.92,0.3478
102,1,150,XGBoost,221.45,83.15,0.4348
102,2,50,PINN_Knee,123.27,79.91,0.3913
102,2,50,RandomForest,149.89,97.51,0.2174
102,2,50,PINN_UQ,139.08,76.87,0.3043
102,2,50,Ensemble_NN,146.71,104.8,0.3478
102,2,50,Pure_NN,146.71,104.8,0.3478
102,2,50,GaussianProcess,449.4,289.56,0.1304
102,2,50,Neural_ODE,130.83,88.35,0.4348
102,2,50,XGBoost,198.04,65.09,0.4783
102,2,100,PINN_Knee,114.39,87.28,0.3913
102,2,100,RandomForest,118.33,76.32,0.1739
102,2,100,PINN_UQ,114.3,77.0,0.4783
102,2,100,Ensemble_NN,113.86,67.41,0.3913
102,2,100,Pure_NN,113.86,67.41,0.3913
102,2,100,GaussianProcess,252.31,184.76,0.1739
102,2,100,Neural_ODE,106.36,49.64,0.5217
102,2,100,XGBoost,133.32,105.05,0.3043
102,2,150,PINN_Knee,71.44,49.74,0.5238
102,2,150,RandomForest,102.97,90.19,0.3333
102,2,150,PINN_UQ,93.03,85.82,0.3333
102,2,150,Ensemble_NN,103.81,81.17,0.2857
102,2,150,Pure_NN,103.81,81.17,0.2857
102,2,150,GaussianProcess,322.13,99.5,0.1905
102,2,150,Neural_ODE,87.41,72.47,0.4286
102,2,150,XGBoost,130.33,76.22,0.3333
102,3,50,PINN_Knee,181.92,131.16,0.2174
102,3,50,RandomForest,126.86,113.25,0.3913
102,3,50,PINN_UQ,132.82,84.37,0.2609
102,3,50,Ensemble_NN,190.11,123.74,0.2174
102,3,50,Pure_NN,190.11,123.74,0.2174
102,3,50,GaussianProcess,378.63,245.93,0.087
102,3,50,Neural_ODE,215.22,127.46,0.2609
102,3,50,XGBoost,132.5,110.44,0.3478
102,3,100,PINN_Knee,123.2,80.69,0.3333
102,3,100,RandomForest,110.46,84.22,0.2857
102,3,100,PINN_UQ,129.96,106.56,0.3333
102,3,100,Ensemble_NN,126.88,125.15,0.2381
102,3,100,Pure_NN,126.88,125.15,0.2381
102,3,100,GaussianProcess,251.52,239.51,0.0952
102,3,100,Neural_ODE,130.83,105.92,0.1429
102,3,100,XGBoost,160.29,125.54,0.2381
102,3,150,PINN_Knee,104.97,65.75,0.4762
102,3,150,RandomForest,98.01,83.37,0.381
102,3,150,PINN_UQ,119.29,122.06,0.2381
102,3,150,Ensemble_NN,129.2,101.02,0.2381
102,3,150,Pure_NN,129.2,101.02,0.2381
102,3,150,GaussianProcess,351.4,218.56,0.1905
102,3,150,Neural_ODE,150.23,138.02,0.2381
102,3,150,XGBoost,120.32,133.84,0.381
102,4,50,PINN_Knee,293.21,243.66,0.1304
102,4,50,RandomForest,287.45,288.66,0.1739
102,4,50,PINN_UQ,270.38,234.39,0.2174
102,4,50,Ensemble_NN,278.68,264.43,0.1304
102,4,50,Pure_NN,278.68,264.43,0.1304
102,4,50,GaussianProcess,432.58,452.0,0.0435
102,4,50,Neural_ODE,271.56,230.55,0.1739
102,4,50,XGBoost,311.31,314.96,0.1739
102,4,100,PINN_Knee,296.07,251.02,0.1905
102,4,100,RandomForest,219.48,200.09,0.2381
102,4,100,PINN_UQ,274.91,208.47,0.1905
102,4,100,Ensemble_NN,260.46,206.87,0.0952
102,4,100,Pure_NN,260.46,206.87,0.0952
102,4,100,GaussianProcess,442.51,392.7,0.0476
102,4,100,Neural_ODE,242.48,183.35,0.1905
102,4,100,XGBoost,221.5,140.29,0.1429
102,4,150,PINN_Knee,243.35,146.2,0.2
102,4,150,RandomForest,206.26,136.43,0.25
102,4,150,PINN_UQ,234.6,81.99,0.25
102,4,150,Ensemble_NN,252.34,103.5,0.25
102,4,150,Pure_NN,252.34,103.5,0.25
102,4,150,GaussianProcess,310.34,320.73,0.1
102,4,150,Neural_ODE,207.33,137.28,0.35
102,4,150,XGBoost,251.1,232.65,0.2
103,0,50,PINN_Knee,179.34,102.7,0.25
103,0,50,RandomForest,203.18,116.25,0.2917
103,0,50,PINN_UQ,200.04,122.58,0.1667
103,0,50,Ensemble_NN,206.23,131.14,0.1667
103,0,50,Pure_NN,206.23,131.14,0.1667
103,0,50,GaussianProcess,387.68,311.95,0.125
103,0,50,Neural_ODE,190.4,113.87,0.3333
103,0,50,XGBoost,220.06,127.32,0.2917
103,0,100,PINN_Knee,158.44,88.52,0.3478
103,0,100,RandomForest,148.87,77.48,0.4348
103,0,100,PINN_UQ,196.86,119.95,0.087
103,0,100,Ensemble_NN,195.63,122.32,0.1739
103,0,100,Pure_NN,195.63,122.32,0.1739
103,0,100,GaussianProcess,446.41,294.55,0.087
103,0,100,Neural_ODE,174.89,79.45,0.3913
103,0,100,XGBoost,160.61,116.73,0.3478
103,0,150,PINN_Knee,125.99,69.27,0.3333
103,0,150,RandomForest,144.43,79.24,0.3333
103,0,150,PINN_UQ,138.06,71.45,0.2857
103,0,150,Ensemble_NN,142.01,73.04,0.381
103,0,150,Pure_NN,142.01,73.04,0.381
103,0,150,GaussianProcess,332.28,272.76,0.0476
103,0,150,Neural_ODE,147.89,86.23,0.1905
103,0,150,XGBoost,158.97,90.81,0.2381
103,1,50,PINN_Knee,194.95,171.7,0.375
103,1,50,RandomForest,134.1,96.67,0.4167
103,1,50,PINN_UQ,152.14,109.55,0.2917
103,1,50,Ensemble_NN,172.76,102.14,0.1667
103,1,50,Pure_NN,172.76,102.14,0.1667
103,1,50,GaussianProcess,286.38,229.77,0.2083
103,1,50,Neural_ODE,166.46,103.06,0.25
103,1,50,XGBoost,150.29,94.17,0.375
103,1,100,PINN_Knee,122.16,47.26,0.5417
103,1,100,RandomForest,120.23,80.03,0.3333
103,1,100,PINN_UQ,132.27,84.07,0.375
103,1,100,Ensemble_NN,126.39,78.49,0.4583
103,1,100,Pure_NN,126.39,78.49,0.4583
103,1,100,GaussianProcess,535.57,246.93,0.125
103,1,100,Neural_ODE,128.26,86.89,0.4583
103,1,100,XGBoost,116.58,77.37,0.4167
103,1,150,PINN_Knee,98.52,58.99,0.3636
103,1,150,RandomForest,82.26,50.37,0.5
103,1,150,PINN_UQ,108.58,82.7,0.2727
103,1,150,Ensemble_NN,111.94,93.34,0.2273
103,1,150,Pure_NN,111.94,93.34,0.2273
103,1,150,GaussianProcess,200.26,148.54,0.1364
103,1,150,Neural_ODE,102.56,87.78,0.2727
103,1,150,XGBoost,86.61,46.55,0.5
103,2,50,PINN_Knee,132.79,55.93,0.4783
103,2,50,RandomForest,143.9,49.4,0.5217
103,2,50,PINN_UQ,167.43,79.19,0.2174
103,2,50,Ensemble_NN,188.7,116.95,0.3043
103,2,50,Pure_NN,188.7,116.95,0.3043
103,2,50,GaussianProcess,223.86,164.62,0.3043
103,2,50,Neural_ODE,124.48,34.09,0.5652
103,2,50,XGBoost,153.29,68.08,0.4783
103,2,100,PINN_Knee,174.25,125.38,0.2727
103,2,100,RandomForest,96.16,21.15,0.6818
103,2,100,PINN_UQ,142.82,72.56,0.4091
103,2,100,Ensemble_NN,159.78,90.34,0.3182
103,2,100,Pure_NN,159.78,90.34,0.3182
103,2,100,GaussianProcess,255.14,191.1,0.1818
103,2,100,Neural_ODE,139.75,89.16,0.4091
103,2,100,XGBoost,107.84,27.51,0.5909
103,2,150,PINN_Knee,101.85,31.53,0.7273
103,2,150,RandomForest,101.95,36.07,0.5
103,2,150,PINN_UQ,132.92,76.02,0.3182
103,2,150,Ensemble_NN,147.18,80.01,0.3636
103,2,150,Pure_NN,147.18,80.01,0.3636
103,2,150,GaussianProcess,228.48,165.3,0.0909
103,2,150,Neural_ODE,132.15,83.85,0.3182
103,2,150,XGBoost,129.76,50.53,0.5
103,3,50,PINN_Knee,139.59,70.46,0.3478
103,3,50,RandomForest,139.64,52.55,0.4348
103,3,50,PINN_UQ,191.55,178.13,0.1304
103,3,50,Ensemble_NN,160.54,117.62,0.3913
103,3,50,Pure_NN,160.54,117.62,0.3913
103,3,50,GaussianProcess,273.9,127.79,0.2174
103,3,50,Neural_ODE,194.26,121.98,0.3043
103,3,50,XGBoost,146.29,119.11,0.3478
103,3,100,PINN_Knee,139.22,78.52,0.381
103,3,100,RandomForest,103.1,58.62,0.381
103,3,100,PINN_UQ,157.0,154.38,0.2857
103,3,100,Ensemble_NN,218.91,119.82,0.2381
103,3,100,Pure_NN,218.91,119.82,0.2381
103,3,100,GaussianProcess,315.58,322.97,0.2857
103,3,100,Neural_ODE,188.26,119.92,0.2857
103,3,100,XGBoost,146.24,69.72,0.2857
103,3,150,PINN_Knee,109.36,68.0,0.4286
103,3,150,RandomForest,130.38,92.66,0.2857
103,3,150,PINN_UQ,128.53,99.41,0.3333
103,3,150,Ensemble_NN,144.46,102.2,0.2857
103,3,150,Pure_NN,144.46,102.2,0.2857
103,3,150,GaussianProcess,322.8,263.87,0.1905
103,3,150,Neural_ODE,124.54,58.23,0.4286
103,3,150,XGBoost,169.7,61.0,0.381
103,4,50,PINN_Knee,210.72,158.66,0.1739
103,4,50,RandomForest,195.4,149.34,0.2609
103,4,50,PINN_UQ,183.33,109.23,0.2174
103,4,50,Ensemble_NN,205.85,129.9,0.1304
103,4,50,Pure_NN,205.85,129.9,0.1304
103,4,50,GaussianProcess,305.98,242.61,0.087
103,4,50,Neural_ODE,168.87,114.36,0.3478
103,4,50,XGBoost,187.06,115.73,0.3913
103,4,100,PINN_Knee,185.53,132.22,0.2609
103,4,100,RandomForest,184.15,137.6,0.2174
103,4,100,PINN_UQ,180.25,106.5,0.2174
103,4,100,Ensemble_NN,188.18,111.78,0.1739
103,4,100,Pure_NN,188.18,111.78,0.1739
103,4,100,GaussianProcess,293.3,306.99,0.1739
103,4,100,Neural_ODE,187.76,153.32,0.2174
103,4,100,XGBoost,188.08,181.52,0.2609
103,4,150,PINN_Knee,143.64,81.51,0.4545
103,4,150,RandomForest,156.67,140.51,0.2727
103,4,150,PINN_UQ,161.13,77.81,0.2727
103,4,150,Ensemble_NN,172.95,97.4,0.1364
103,4,150,Pure_NN,172.95,97.4,0.1364
103,4,150,GaussianProcess,321.49,215.34,0.1818
103,4,150,Neural_ODE,158.62,77.95,0.3636
103,4,150,XGBoost,168.32,115.05,0.3636
103,4,150,XGBoost,168.32,115.05,0.3636
